name,move_id,dot1,dot2,speed,on_dot1_time,wait_hours,dot2_time,travel_hours,with
Таймыр,1004,Мыс Желания,Вход в Обскую губу,16.2,2022-02-27 00:00:00,0,2022-02-27 16:00:00,16,
Таймыр,1005,Вход в Обскую губу,Новый порт,9.375,2022-02-27 16:00:00,0,2022-02-28 21:00:00,29,
ДЮК II,0,Новый порт,Вход в Обскую губу,10.5,2022-03-01 00:00:00,-3,2022-03-02 02:00:00,29,Таймыр
Таймыр,0,Новый порт,Вход в Обскую губу,10.5,2022-03-01 00:00:00,-3,2022-03-02 02:00:00,29,
Вайгач,1008,Победа месторождение,Мыс Желания,17.1,2022-02-27 00:00:00,0,2022-02-27 10:00:00,10,
Вайгач,1009,Мыс Желания,Вход в Обскую губу,16.2,2022-02-27 10:00:00,0,2022-02-28 02:00:00,16,
Вайгач,1010,Вход в Обскую губу,Сабетта,9.0,2022-02-28 02:00:00,0,2022-02-28 14:00:00,12,
САРМАТ,1,Сабетта,Вход в Обскую губу,10.5,2022-03-02 00:00:00,-34,2022-03-02 10:00:00,12,Вайгач
Вайгач,1,Сабетта,Вход в Обскую губу,10.5,2022-03-02 00:00:00,-34,2022-03-02 10:00:00,12,
Ямал,1013,Рейд Мурманска,кромка льда на Западе,21,2022-02-27 00:00:00,0,2022-02-27 10:00:00,10,
Ямал,1014,кромка льда на Западе,Карские ворота,21,2022-02-27 10:00:00,0,2022-02-27 22:00:00,12,
Ямал,1015,Карские ворота,Вход в Обскую губу,18.0,2022-02-27 22:00:00,0,2022-02-28 16:00:00,18,
ДЮК II,2,Вход в Обскую губу,Карские ворота,12.0,2022-03-02 02:00:00,-34,2022-03-03 05:00:00,18,Ямал
Ямал,2,Вход в Обскую губу,Карские ворота,12.0,2022-03-02 02:00:00,-34,2022-03-03 05:00:00,18,
САРМАТ,3,Вход в Обскую губу,Карские ворота,12.0,2022-03-02 10:00:00,-8,2022-03-03 13:00:00,18,Таймыр
Таймыр,3,Вход в Обскую губу,Карские ворота,12.0,2022-03-02 10:00:00,-8,2022-03-03 13:00:00,18,
ДЮК II,4,Карские ворота,кромка льда на Западе,15,2022-03-03 05:00:00,0,2022-03-03 23:00:00,18,
САРМАТ,5,Карские ворота,кромка льда на Западе,15,2022-03-03 13:00:00,0,2022-03-04 07:00:00,18,
ДЮК II,6,кромка льда на Западе,Рейд Мурманска,15,2022-03-03 23:00:00,0,2022-03-04 14:00:00,15,
Вайгач,1023,Вход в Обскую губу,Сабетта,9.0,2022-03-02 10:00:00,0,2022-03-02 22:00:00,12,
EDUARD TOLL,7,Сабетта,Вход в Обскую губу,12.75,2022-03-04 00:00:00,-26,2022-03-04 08:00:00,12,Вайгач
Вайгач,7,Сабетта,Вход в Обскую губу,12.75,2022-03-04 00:00:00,-26,2022-03-04 08:00:00,12,
ШТУРМАН КОШЕЛЕВ,8,пролив Лонга,Восточно-Сибирское - 3 (север),12.75,2022-03-04 00:00:00,-120,2022-03-04 21:00:00,12,50 лет Победы
50 лет Победы,8,пролив Лонга,Восточно-Сибирское - 3 (север),12.75,2022-03-04 00:00:00,-120,2022-03-04 21:00:00,12,
САРМАТ,9,кромка льда на Западе,Архангельск,15,2022-03-04 07:00:00,0,2022-03-05 04:00:00,21,
EDUARD TOLL,10,Вход в Обскую губу,Карские ворота,9.0,2022-03-04 08:00:00,0,2022-03-05 20:00:00,36,
ШТУРМАН КОШЕЛЕВ,11,Восточно-Сибирское - 3 (север),Лаптевых - 3 (восток),9.0,2022-03-04 21:00:00,0,2022-03-06 07:00:00,34,
EDUARD TOLL,12,Карские ворота,кромка льда на Западе,15,2022-03-05 20:00:00,0,2022-03-06 14:00:00,18,
ШТУРМАН КОШЕЛЕВ,13,Лаптевых - 3 (восток),остров Котельный,9.0,2022-03-06 07:00:00,0,2022-03-07 02:00:00,19,
EDUARD TOLL,14,кромка льда на Западе,Рейд Мурманска,15,2022-03-06 14:00:00,0,2022-03-07 05:00:00,15,
BORIS VILKITSKY,15,Окно в Европу,кромка льда на Западе,19,2022-03-07 00:00:00,0,2022-03-08 00:00:00,24,
GEORGIY USHAKOV,16,Штокман,около Новой Земли,15,2022-03-07 00:00:00,0,2022-03-07 19:00:00,19,
CHRISTOPHE DE MARGERIE,17,Окно в Европу,кромка льда на Западе,14,2022-03-07 00:00:00,0,2022-03-08 08:00:00,32,
ШТУРМАН КОШЕЛЕВ,18,остров Котельный,Лаптевых - 1 (центр),9.0,2022-03-07 02:00:00,0,2022-03-08 15:00:00,37,
GEORGIY USHAKOV,19,около Новой Земли,Мыс Желания,15,2022-03-07 19:00:00,0,2022-03-08 04:00:00,9,
Ямал,1039,Карские ворота,Карское - 1 (сбор каравана),21,2022-03-03 05:00:00,0,2022-03-04 00:00:00,19,
Ямал,1040,Карское - 1 (сбор каравана),Карское - 3 (центр),19.0,2022-03-04 00:00:00,0,2022-03-04 10:00:00,10,
Ямал,1041,Карское - 3 (центр),пролив Вилькицкого - запад,13.5,2022-03-04 10:00:00,0,2022-03-05 00:00:00,14,
Ямал,1042,пролив Вилькицкого - запад,пролив Вилькицкого - восток,10.5,2022-03-05 00:00:00,0,2022-03-05 05:00:00,5,
Ямал,1043,пролив Вилькицкого - восток,пролив Вилькицкого - 3,16.0,2022-03-05 05:00:00,0,2022-03-05 07:00:00,2,
Ямал,1044,пролив Вилькицкого - 3,Лаптевых - 1 (центр),21,2022-03-05 07:00:00,0,2022-03-05 12:00:00,5,
Ямал,1045,Лаптевых - 1 (центр),устье Лены,19.0,2022-03-05 12:00:00,0,2022-03-06 00:00:00,12,
ИНЖЕНЕР ТРУБИН,20,устье Лены,Лаптевых - 1 (центр),9.600000000000001,2022-03-08 00:00:00,-48,2022-03-09 01:00:00,12,Ямал
Ямал,20,устье Лены,Лаптевых - 1 (центр),9.600000000000001,2022-03-08 00:00:00,-48,2022-03-09 01:00:00,12,
BORIS VILKITSKY,21,кромка льда на Западе,Карские ворота,19,2022-03-08 00:00:00,0,2022-03-08 14:00:00,14,
Вайгач,1049,Вход в Обскую губу,Новый порт,9.375,2022-03-04 08:00:00,0,2022-03-05 13:00:00,29,
RUDOLF SAMOYLOVICH,22,Новый порт,Вход в Обскую губу,12.75,2022-03-08 00:00:00,-59,2022-03-08 21:00:00,29,Вайгач
Вайгач,22,Новый порт,Вход в Обскую губу,12.75,2022-03-08 00:00:00,-59,2022-03-08 21:00:00,29,
GEORGIY USHAKOV,23,Мыс Желания,пролив Вилькицкого - запад,9.0,2022-03-08 04:00:00,0,2022-03-10 01:00:00,45,
CHRISTOPHE DE MARGERIE,24,кромка льда на Западе,Карские ворота,14,2022-03-08 08:00:00,0,2022-03-09 03:00:00,19,
BORIS VILKITSKY,25,Карские ворота,Вход в Обскую губу,11.4,2022-03-08 14:00:00,0,2022-03-09 18:00:00,28,
ШТУРМАН КОШЕЛЕВ,26,Лаптевых - 1 (центр),пролив Вилькицкого - 3,15,2022-03-08 15:00:00,0,2022-03-08 23:00:00,8,
RUDOLF SAMOYLOVICH,27,Вход в Обскую губу,Карское - 1 (сбор каравана),9.0,2022-03-08 21:00:00,0,2022-03-09 06:00:00,9,
ШТУРМАН КОШЕЛЕВ,28,пролив Вилькицкого - 3,пролив Вилькицкого - восток,9.0,2022-03-08 23:00:00,0,2022-03-09 04:00:00,5,
ИНЖЕНЕР ВЕШНЯКОВ,29,Окно в Европу,кромка льда на Западе,19,2022-03-09 00:00:00,0,2022-03-10 00:00:00,24,
ИНЖЕНЕР ТРУБИН,30,Лаптевых - 1 (центр),пролив Вилькицкого - 3,12,2022-03-09 01:00:00,0,2022-03-09 11:00:00,10,
CHRISTOPHE DE MARGERIE,31,Карские ворота,Вход в Обскую губу,8.4,2022-03-09 03:00:00,0,2022-03-10 17:00:00,38,
Таймыр,1061,Карские ворота,Карское - 1 (сбор каравана),18.5,2022-03-03 13:00:00,0,2022-03-04 11:00:00,22,
Таймыр,1062,Карское - 1 (сбор каравана),Карское - 3 (центр),17.1,2022-03-04 11:00:00,0,2022-03-04 23:00:00,12,
Таймыр,1063,Карское - 3 (центр),пролив Вилькицкого - запад,10.125,2022-03-04 23:00:00,0,2022-03-05 18:00:00,19,
Таймыр,1064,пролив Вилькицкого - запад,пролив Вилькицкого - восток,7.875,2022-03-05 18:00:00,0,2022-03-06 01:00:00,7,
ШТУРМАН КОШЕЛЕВ,32,пролив Вилькицкого - восток,пролив Вилькицкого - запад,12.75,2022-03-09 04:00:00,-75,2022-03-09 08:00:00,7,Таймыр
Таймыр,32,пролив Вилькицкого - восток,пролив Вилькицкого - запад,12.75,2022-03-09 04:00:00,-75,2022-03-09 08:00:00,7,
RUDOLF SAMOYLOVICH,33,Карское - 1 (сбор каравана),Карское - 3 (центр),9.0,2022-03-09 06:00:00,0,2022-03-10 04:00:00,22,
50 лет Победы,1068,Восточно-Сибирское - 3 (север),Лаптевых - 3 (восток),16.0,2022-03-04 21:00:00,0,2022-03-05 16:00:00,19,
50 лет Победы,1069,Лаптевых - 3 (восток),остров Котельный,18.0,2022-03-05 16:00:00,0,2022-03-06 01:00:00,9,
50 лет Победы,1070,остров Котельный,Лаптевых - 1 (центр),19.0,2022-03-06 01:00:00,0,2022-03-06 18:00:00,17,
50 лет Победы,1071,Лаптевых - 1 (центр),пролив Вилькицкого - 3,22,2022-03-06 18:00:00,0,2022-03-06 23:00:00,5,
50 лет Победы,1072,пролив Вилькицкого - 3,пролив Вилькицкого - восток,16.0,2022-03-06 23:00:00,0,2022-03-07 01:00:00,2,
50 лет Победы,1073,пролив Вилькицкого - восток,пролив Вилькицкого - запад,10.5,2022-03-07 01:00:00,0,2022-03-07 06:00:00,5,
ШТУРМАН КОШЕЛЕВ,34,пролив Вилькицкого - запад,Карское - 3 (центр),12.75,2022-03-09 08:00:00,-50,2022-03-09 23:00:00,5,50 лет Победы
50 лет Победы,34,пролив Вилькицкого - запад,Карское - 3 (центр),12.75,2022-03-09 08:00:00,-50,2022-03-09 23:00:00,5,
Ямал,1076,Лаптевых - 1 (центр),пролив Вилькицкого - 3,21,2022-03-09 01:00:00,0,2022-03-09 06:00:00,5,
ИНЖЕНЕР ТРУБИН,35,пролив Вилькицкого - 3,пролив Вилькицкого - восток,9.600000000000001,2022-03-09 11:00:00,-5,2022-03-09 15:00:00,5,Ямал
Ямал,35,пролив Вилькицкого - 3,пролив Вилькицкого - восток,9.600000000000001,2022-03-09 11:00:00,-5,2022-03-09 15:00:00,5,
ИНЖЕНЕР ТРУБИН,36,пролив Вилькицкого - восток,пролив Вилькицкого - запад,8.399999999999999,2022-03-09 15:00:00,0,2022-03-09 22:00:00,5,Ямал
Ямал,36,пролив Вилькицкого - восток,пролив Вилькицкого - запад,8.399999999999999,2022-03-09 15:00:00,0,2022-03-09 22:00:00,5,
BORIS VILKITSKY,37,Вход в Обскую губу,терминал Утренний,16.15,2022-03-09 18:00:00,-21,2022-03-10 01:00:00,5,Вайгач
Вайгач,37,Вход в Обскую губу,терминал Утренний,16.15,2022-03-09 18:00:00,-21,2022-03-10 01:00:00,5,
ИНЖЕНЕР ТРУБИН,38,пролив Вилькицкого - запад,Карское - 3 (центр),8.399999999999999,2022-03-09 22:00:00,-14,2022-03-10 20:00:00,5,Таймыр
Таймыр,38,пролив Вилькицкого - запад,Карское - 3 (центр),8.399999999999999,2022-03-09 22:00:00,-14,2022-03-10 20:00:00,5,
ШТУРМАН КОШЕЛЕВ,39,Карское - 3 (центр),Карское - 1 (сбор каравана),9.0,2022-03-09 23:00:00,0,2022-03-10 21:00:00,22,
50 лет Победы,1086,Карское - 3 (центр),Карское - 1 (сбор каравана),19.0,2022-03-09 23:00:00,0,2022-03-10 09:00:00,10,
50 лет Победы,1087,Карское - 1 (сбор каравана),Вход в Обскую губу,18.0,2022-03-10 09:00:00,0,2022-03-10 13:00:00,4,
50 лет Победы,1088,Вход в Обскую губу,Новый порт,12.5,2022-03-10 13:00:00,0,2022-03-11 11:00:00,22,
НИКИФОР БЕГИЧЕВ,40,Новый порт,Вход в Обскую губу,11.2,2022-03-10 00:00:00,35,2022-03-11 00:00:00,22,50 лет Победы
50 лет Победы,40,Новый порт,Вход в Обскую губу,11.2,2022-03-10 00:00:00,35,2022-03-11 00:00:00,22,
ИНЖЕНЕР ВЕШНЯКОВ,41,кромка льда на Западе,Карские ворота,19,2022-03-10 00:00:00,0,2022-03-10 14:00:00,14,
GEORGIY USHAKOV,42,пролив Вилькицкого - запад,пролив Вилькицкого - восток,12.75,2022-03-10 01:00:00,-3,2022-03-10 05:00:00,22,Ямал
Ямал,42,пролив Вилькицкого - запад,пролив Вилькицкого - восток,12.75,2022-03-10 01:00:00,-3,2022-03-10 05:00:00,22,
RUDOLF SAMOYLOVICH,43,Карское - 3 (центр),пролив Вилькицкого - запад,12.75,2022-03-10 04:00:00,16,2022-03-10 19:00:00,22,Таймыр
Таймыр,43,Карское - 3 (центр),пролив Вилькицкого - запад,12.75,2022-03-10 04:00:00,16,2022-03-10 19:00:00,22,
GEORGIY USHAKOV,44,пролив Вилькицкого - восток,пролив Вилькицкого - 3,9.0,2022-03-10 05:00:00,0,2022-03-10 10:00:00,5,
GEORGIY USHAKOV,45,пролив Вилькицкого - 3,Лаптевых - 1 (центр),15,2022-03-10 10:00:00,0,2022-03-10 18:00:00,8,
Вайгач,1098,терминал Утренний,Вход в Обскую губу,9.375,2022-03-10 01:00:00,0,2022-03-10 14:00:00,13,
Вайгач,1099,Вход в Обскую губу,Карские ворота,16.2,2022-03-10 14:00:00,0,2022-03-11 10:00:00,20,
ИНЖЕНЕР ВЕШНЯКОВ,46,Карские ворота,Вход в Обскую губу,15.200000000000001,2022-03-10 14:00:00,20,2022-03-11 11:00:00,20,Вайгач
Вайгач,46,Карские ворота,Вход в Обскую губу,15.200000000000001,2022-03-10 14:00:00,20,2022-03-11 11:00:00,20,
CHRISTOPHE DE MARGERIE,47,Вход в Обскую губу,терминал Утренний,11.9,2022-03-10 17:00:00,7,2022-03-11 03:00:00,20,50 лет Победы
50 лет Победы,47,Вход в Обскую губу,терминал Утренний,11.9,2022-03-10 17:00:00,7,2022-03-11 03:00:00,20,
GEORGIY USHAKOV,48,Лаптевых - 1 (центр),остров Котельный,9.0,2022-03-10 18:00:00,0,2022-03-12 07:00:00,37,
Ямал,1105,пролив Вилькицкого - восток,пролив Вилькицкого - запад,10.5,2022-03-10 05:00:00,0,2022-03-10 10:00:00,5,
RUDOLF SAMOYLOVICH,49,пролив Вилькицкого - запад,пролив Вилькицкого - восток,12.75,2022-03-10 19:00:00,-9,2022-03-10 23:00:00,5,Ямал
Ямал,49,пролив Вилькицкого - запад,пролив Вилькицкого - восток,12.75,2022-03-10 19:00:00,-9,2022-03-10 23:00:00,5,
Таймыр,1108,пролив Вилькицкого - запад,Карское - 3 (центр),10.125,2022-03-10 19:00:00,0,2022-03-11 14:00:00,19,
ИНЖЕНЕР ТРУБИН,50,Карское - 3 (центр),Карское - 1 (сбор каравана),9.600000000000001,2022-03-10 20:00:00,18,2022-03-11 17:00:00,19,Таймыр
Таймыр,50,Карское - 3 (центр),Карское - 1 (сбор каравана),9.600000000000001,2022-03-10 20:00:00,18,2022-03-11 17:00:00,19,
ШТУРМАН КОШЕЛЕВ,51,Карское - 1 (сбор каравана),Вход в Обскую губу,9.0,2022-03-10 21:00:00,0,2022-03-11 06:00:00,9,
RUDOLF SAMOYLOVICH,52,пролив Вилькицкого - восток,пролив Вилькицкого - 3,9.0,2022-03-10 23:00:00,0,2022-03-11 04:00:00,5,
НИКИФОР БЕГИЧЕВ,53,Вход в Обскую губу,Карские ворота,12.8,2022-03-11 00:00:00,11,2022-03-12 01:00:00,19,Вайгач
Вайгач,53,Вход в Обскую губу,Карские ворота,12.8,2022-03-11 00:00:00,11,2022-03-12 01:00:00,19,
RUDOLF SAMOYLOVICH,54,пролив Вилькицкого - 3,Лаптевых - 1 (центр),15,2022-03-11 04:00:00,0,2022-03-11 12:00:00,8,
50 лет Победы,1116,терминал Утренний,Вход в Обскую губу,12.5,2022-03-11 03:00:00,0,2022-03-11 13:00:00,10,
ШТУРМАН КОШЕЛЕВ,55,Вход в Обскую губу,Сабетта,12.75,2022-03-11 06:00:00,7,2022-03-11 14:00:00,10,50 лет Победы
50 лет Победы,55,Вход в Обскую губу,Сабетта,12.75,2022-03-11 06:00:00,7,2022-03-11 14:00:00,10,
ИНЖЕНЕР ТРУБИН,58,Карское - 1 (сбор каравана),Вход в Обскую губу,16.2,2022-03-11 17:00:00,0,2022-03-11 22:00:00,5,Таймыр
Таймыр,1120,Карское - 1 (сбор каравана),Вход в Обскую губу,16.2,2022-03-11 17:00:00,0,2022-03-11 22:00:00,5,
ИНЖЕНЕР ВЕШНЯКОВ,56,Вход в Обскую губу,терминал Утренний,13.299999999999999,2022-03-11 11:00:00,11,2022-03-11 20:00:00,5,Таймыр
Таймыр,56,Вход в Обскую губу,терминал Утренний,13.299999999999999,2022-03-11 11:00:00,11,2022-03-11 20:00:00,5,
RUDOLF SAMOYLOVICH,57,Лаптевых - 1 (центр),устье Лены,9.0,2022-03-11 12:00:00,0,2022-03-12 15:00:00,27,
VLADIMIR VORONIN,59,Сабетта,Вход в Обскую губу,12.75,2022-03-12 00:00:00,-10,2022-03-12 08:00:00,5,50 лет Победы
50 лет Победы,59,Сабетта,Вход в Обскую губу,12.75,2022-03-12 00:00:00,-10,2022-03-12 08:00:00,5,
НИКИФОР БЕГИЧЕВ,60,Карские ворота,кромка льда на Западе,16,2022-03-12 01:00:00,0,2022-03-12 17:00:00,16,
ИНЖЕНЕР ТРУБИН,61,Вход в Обскую губу,Новый порт,8.399999999999999,2022-03-12 02:00:00,6,2022-03-13 10:00:00,5,50 лет Победы
50 лет Победы,61,Вход в Обскую губу,Новый порт,8.399999999999999,2022-03-12 02:00:00,6,2022-03-13 10:00:00,5,
GEORGIY USHAKOV,62,остров Котельный,Лаптевых - 3 (восток),9.0,2022-03-12 07:00:00,0,2022-03-13 02:00:00,19,
VLADIMIR VORONIN,63,Вход в Обскую губу,Карское - 1 (сбор каравана),9.0,2022-03-12 08:00:00,0,2022-03-12 17:00:00,9,
НИКИФОР БЕГИЧЕВ,64,кромка льда на Западе,Окно в Европу,16,2022-03-12 17:00:00,0,2022-03-13 21:00:00,28,
VLADIMIR VORONIN,65,Карское - 1 (сбор каравана),Карское - 3 (центр),9.0,2022-03-12 17:00:00,0,2022-03-13 15:00:00,22,
НОРИЛЬСКИЙ НИКЕЛЬ,66,Мыс Желания,пролив Вилькицкого - запад,8.4,2022-03-13 00:00:00,0,2022-03-15 00:00:00,48,
NIKOLAY YEVGENOV,67,терминал Утренний,Вход в Обскую губу,11.9,2022-03-13 00:00:00,-28,2022-03-13 10:00:00,5,Таймыр
Таймыр,67,терминал Утренний,Вход в Обскую губу,11.9,2022-03-13 00:00:00,-28,2022-03-13 10:00:00,5,
GEORGIY USHAKOV,68,Лаптевых - 3 (восток),Восточно-Сибирское - 3 (север),9.0,2022-03-13 02:00:00,0,2022-03-14 12:00:00,34,
NIKOLAY YEVGENOV,69,Вход в Обскую губу,Карское - 1 (сбор каравана),8.4,2022-03-13 10:00:00,0,2022-03-13 20:00:00,10,
Ямал,1138,пролив Вилькицкого - восток,пролив Вилькицкого - запад,10.5,2022-03-10 23:00:00,0,2022-03-11 04:00:00,5,
Ямал,1139,пролив Вилькицкого - запад,Карское - 3 (центр),13.5,2022-03-11 04:00:00,0,2022-03-11 18:00:00,14,
VLADIMIR VORONIN,70,Карское - 3 (центр),пролив Вилькицкого - запад,12.75,2022-03-13 15:00:00,-45,2022-03-14 06:00:00,14,Ямал
Ямал,70,Карское - 3 (центр),пролив Вилькицкого - запад,12.75,2022-03-13 15:00:00,-45,2022-03-14 06:00:00,14,
NIKOLAY YEVGENOV,71,Карское - 1 (сбор каравана),Карское - 3 (центр),8.4,2022-03-13 20:00:00,0,2022-03-14 20:00:00,24,
VLADIMIR VORONIN,72,пролив Вилькицкого - запад,пролив Вилькицкого - восток,12.75,2022-03-14 06:00:00,0,2022-03-14 10:00:00,14,Ямал
Ямал,72,пролив Вилькицкого - запад,пролив Вилькицкого - восток,12.75,2022-03-14 06:00:00,0,2022-03-14 10:00:00,14,
VLADIMIR VORONIN,73,пролив Вилькицкого - восток,пролив Вилькицкого - 3,9.0,2022-03-14 10:00:00,0,2022-03-14 15:00:00,5,
Ямал,1146,пролив Вилькицкого - восток,пролив Вилькицкого - 3,16.0,2022-03-14 10:00:00,0,2022-03-14 12:00:00,2,
Ямал,1147,пролив Вилькицкого - 3,Лаптевых - 1 (центр),21,2022-03-14 12:00:00,0,2022-03-14 17:00:00,5,
Ямал,1148,Лаптевых - 1 (центр),остров Котельный,19.0,2022-03-14 17:00:00,0,2022-03-15 10:00:00,17,
Ямал,1149,остров Котельный,Лаптевых - 3 (восток),18.0,2022-03-15 10:00:00,0,2022-03-15 19:00:00,9,
Ямал,1150,Лаптевых - 3 (восток),Восточно-Сибирское - 3 (север),16.0,2022-03-15 19:00:00,0,2022-03-16 14:00:00,19,
GEORGIY USHAKOV,74,Восточно-Сибирское - 3 (север),пролив Лонга,12.75,2022-03-14 12:00:00,50,2022-03-15 09:00:00,19,Ямал
Ямал,74,Восточно-Сибирское - 3 (север),пролив Лонга,12.75,2022-03-14 12:00:00,50,2022-03-15 09:00:00,19,
VLADIMIR VORONIN,75,пролив Вилькицкого - 3,Лаптевых - 1 (центр),15,2022-03-14 15:00:00,0,2022-03-14 23:00:00,8,
Вайгач,1154,Карские ворота,Карское - 1 (сбор каравана),18.5,2022-03-12 01:00:00,0,2022-03-12 23:00:00,22,
Вайгач,1155,Карское - 1 (сбор каравана),Карское - 3 (центр),17.1,2022-03-12 23:00:00,0,2022-03-13 11:00:00,12,
NIKOLAY YEVGENOV,76,Карское - 3 (центр),пролив Вилькицкого - запад,11.9,2022-03-14 20:00:00,-33,2022-03-15 12:00:00,12,Вайгач
Вайгач,76,Карское - 3 (центр),пролив Вилькицкого - запад,11.9,2022-03-14 20:00:00,-33,2022-03-15 12:00:00,12,
VLADIMIR VORONIN,77,Лаптевых - 1 (центр),остров Котельный,9.0,2022-03-14 23:00:00,0,2022-03-16 12:00:00,37,
Таймыр,1159,Вход в Обскую губу,терминал Утренний,9.375,2022-03-13 10:00:00,0,2022-03-13 23:00:00,13,
АРКТИКА-2,78,терминал Утренний,Вход в Обскую губу,13.299999999999999,2022-03-15 00:00:00,-25,2022-03-15 09:00:00,13,Таймыр
Таймыр,78,терминал Утренний,Вход в Обскую губу,13.299999999999999,2022-03-15 00:00:00,-25,2022-03-15 09:00:00,13,
50 лет Победы,1162,Новый порт,Вход в Обскую губу,12.5,2022-03-13 10:00:00,0,2022-03-14 08:00:00,22,
50 лет Победы,1163,Вход в Обскую губу,Карское - 1 (сбор каравана),18.0,2022-03-14 08:00:00,0,2022-03-14 12:00:00,4,
50 лет Победы,1164,Карское - 1 (сбор каравана),Карское - 3 (центр),19.0,2022-03-14 12:00:00,0,2022-03-14 22:00:00,10,
50 лет Победы,1165,Карское - 3 (центр),пролив Вилькицкого - запад,13.5,2022-03-14 22:00:00,0,2022-03-15 12:00:00,14,
НОРИЛЬСКИЙ НИКЕЛЬ,79,пролив Вилькицкого - запад,пролив Вилькицкого - восток,11.9,2022-03-15 00:00:00,12,2022-03-15 04:00:00,14,50 лет Победы
50 лет Победы,79,пролив Вилькицкого - запад,пролив Вилькицкого - восток,11.9,2022-03-15 00:00:00,12,2022-03-15 04:00:00,14,
НОРИЛЬСКИЙ НИКЕЛЬ,80,пролив Вилькицкого - восток,пролив Вилькицкого - 3,8.4,2022-03-15 04:00:00,0,2022-03-15 09:00:00,5,
АРКТИКА-2,81,Вход в Обскую губу,Карское - 1 (сбор каравана),15.200000000000001,2022-03-15 09:00:00,0,2022-03-15 14:00:00,14,Таймыр
Таймыр,81,Вход в Обскую губу,Карское - 1 (сбор каравана),15.200000000000001,2022-03-15 09:00:00,0,2022-03-15 14:00:00,14,
НОРИЛЬСКИЙ НИКЕЛЬ,82,пролив Вилькицкого - 3,Лаптевых - 1 (центр),14,2022-03-15 09:00:00,0,2022-03-15 17:00:00,8,
50 лет Победы,1172,пролив Вилькицкого - восток,пролив Вилькицкого - запад,10.5,2022-03-15 04:00:00,0,2022-03-15 09:00:00,5,
NIKOLAY YEVGENOV,83,пролив Вилькицкого - запад,пролив Вилькицкого - восток,11.9,2022-03-15 12:00:00,-3,2022-03-15 16:00:00,5,50 лет Победы
50 лет Победы,83,пролив Вилькицкого - запад,пролив Вилькицкого - восток,11.9,2022-03-15 12:00:00,-3,2022-03-15 16:00:00,5,
АРКТИКА-2,84,Карское - 1 (сбор каравана),Карское - 3 (центр),15.200000000000001,2022-03-15 14:00:00,0,2022-03-16 03:00:00,5,Таймыр
Таймыр,84,Карское - 1 (сбор каравана),Карское - 3 (центр),15.200000000000001,2022-03-15 14:00:00,0,2022-03-16 03:00:00,5,
NIKOLAY YEVGENOV,85,пролив Вилькицкого - восток,пролив Вилькицкого - 3,8.4,2022-03-15 16:00:00,0,2022-03-15 21:00:00,5,
НОРИЛЬСКИЙ НИКЕЛЬ,86,Лаптевых - 1 (центр),устье Лены,8.4,2022-03-15 17:00:00,0,2022-03-16 22:00:00,29,
NIKOLAY YEVGENOV,87,пролив Вилькицкого - 3,Лаптевых - 1 (центр),14,2022-03-15 21:00:00,0,2022-03-16 05:00:00,8,
Ямал,1180,пролив Лонга,Восточно-Сибирское - 3 (север),12.5,2022-03-15 09:00:00,0,2022-03-16 07:00:00,22,
ПОЛАР КИНГ,88,Восточно-Сибирское - 3 (север),Лаптевых - 3 (восток),12.8,2022-03-16 00:00:00,7,2022-03-17 00:00:00,22,Ямал
Ямал,88,Восточно-Сибирское - 3 (север),Лаптевых - 3 (восток),12.8,2022-03-16 00:00:00,7,2022-03-17 00:00:00,22,
ТАМБЕЙ,89,Окно в Европу,кромка льда на Западе,19,2022-03-16 00:00:00,0,2022-03-17 00:00:00,24,
АРКТИКА-2,90,Карское - 3 (центр),пролив Вилькицкого - запад,13.299999999999999,2022-03-16 03:00:00,0,2022-03-16 17:00:00,22,Таймыр
Таймыр,90,Карское - 3 (центр),пролив Вилькицкого - запад,13.299999999999999,2022-03-16 03:00:00,0,2022-03-16 17:00:00,22,
NIKOLAY YEVGENOV,91,Лаптевых - 1 (центр),остров Котельный,8.4,2022-03-16 05:00:00,0,2022-03-17 21:00:00,40,
VLADIMIR VORONIN,92,остров Котельный,Лаптевых - 3 (восток),9.0,2022-03-16 12:00:00,0,2022-03-17 07:00:00,19,
АРКТИКА-2,93,пролив Вилькицкого - запад,пролив Вилькицкого - восток,13.299999999999999,2022-03-16 17:00:00,-29,2022-03-16 21:00:00,22,Вайгач
Вайгач,93,пролив Вилькицкого - запад,пролив Вилькицкого - восток,13.299999999999999,2022-03-16 17:00:00,-29,2022-03-16 21:00:00,22,
АРКТИКА-2,94,пролив Вилькицкого - восток,пролив Вилькицкого - 3,15.200000000000001,2022-03-16 21:00:00,-29,2022-03-17 00:00:00,22,50 лет Победы
50 лет Победы,94,пролив Вилькицкого - восток,пролив Вилькицкого - 3,15.200000000000001,2022-03-16 21:00:00,-29,2022-03-17 00:00:00,22,
ТАМБЕЙ,95,кромка льда на Западе,Карские ворота,19,2022-03-17 00:00:00,0,2022-03-17 14:00:00,14,
АРКТИКА-2,96,пролив Вилькицкого - 3,Лаптевых - 1 (центр),19,2022-03-17 00:00:00,0,2022-03-17 06:00:00,6,
ПОЛАР КИНГ,97,Лаптевых - 3 (восток),остров Котельный,12.8,2022-03-17 00:00:00,0,2022-03-17 13:00:00,22,Ямал
Ямал,97,Лаптевых - 3 (восток),остров Котельный,12.8,2022-03-17 00:00:00,0,2022-03-17 13:00:00,22,
50 лет Победы,1196,пролив Вилькицкого - 3,пролив Вилькицкого - восток,16.0,2022-03-17 00:00:00,0,2022-03-17 02:00:00,2,
50 лет Победы,1197,пролив Вилькицкого - восток,пролив Вилькицкого - запад,10.5,2022-03-17 02:00:00,0,2022-03-17 07:00:00,5,
50 лет Победы,1198,пролив Вилькицкого - запад,Карское - 3 (центр),13.5,2022-03-17 07:00:00,0,2022-03-17 21:00:00,14,
50 лет Победы,1199,Карское - 3 (центр),Карское - 1 (сбор каравана),19.0,2022-03-17 21:00:00,0,2022-03-18 07:00:00,10,
50 лет Победы,1200,Карское - 1 (сбор каравана),Вход в Обскую губу,18.0,2022-03-18 07:00:00,0,2022-03-18 11:00:00,4,
50 лет Победы,1201,Вход в Обскую губу,Новый порт,12.5,2022-03-18 11:00:00,0,2022-03-19 09:00:00,22,
ИОГАНН МАХМАСТАЛЬ,98,Новый порт,Вход в Обскую губу,9.799999999999999,2022-03-17 00:00:00,57,2022-03-18 04:00:00,22,50 лет Победы
50 лет Победы,98,Новый порт,Вход в Обскую губу,9.799999999999999,2022-03-17 00:00:00,57,2022-03-18 04:00:00,22,
Вайгач,1204,пролив Вилькицкого - восток,пролив Вилькицкого - 3,14.4,2022-03-16 21:00:00,0,2022-03-17 00:00:00,3,
Вайгач,1205,пролив Вилькицкого - 3,Лаптевых - 1 (центр),18.5,2022-03-17 00:00:00,0,2022-03-17 06:00:00,6,
АРКТИКА-2,99,Лаптевых - 1 (центр),устье Лены,15.200000000000001,2022-03-17 06:00:00,0,2022-03-17 22:00:00,6,Вайгач
Вайгач,99,Лаптевых - 1 (центр),устье Лены,15.200000000000001,2022-03-17 06:00:00,0,2022-03-17 22:00:00,6,
VLADIMIR VORONIN,100,Лаптевых - 3 (восток),Восточно-Сибирское - 3 (север),9.0,2022-03-17 07:00:00,0,2022-03-18 17:00:00,34,
ПОЛАР КИНГ,101,остров Котельный,Лаптевых - 1 (центр),12.8,2022-03-17 13:00:00,0,2022-03-18 15:00:00,6,Ямал
Ямал,101,остров Котельный,Лаптевых - 1 (центр),12.8,2022-03-17 13:00:00,0,2022-03-18 15:00:00,6,
ИОГАНН МАХМАСТАЛЬ,104,Вход в Обскую губу,Карские ворота,18.0,2022-03-18 04:00:00,0,2022-03-18 22:00:00,18,50 лет Победы
50 лет Победы,1212,Вход в Обскую губу,Карские ворота,18.0,2022-03-18 04:00:00,0,2022-03-18 22:00:00,18,
ТАМБЕЙ,102,Карские ворота,Вход в Обскую губу,15.200000000000001,2022-03-17 14:00:00,32,2022-03-18 11:00:00,18,50 лет Победы
50 лет Победы,102,Карские ворота,Вход в Обскую губу,15.200000000000001,2022-03-17 14:00:00,32,2022-03-18 11:00:00,18,
NIKOLAY YEVGENOV,103,остров Котельный,Лаптевых - 3 (восток),8.4,2022-03-17 21:00:00,0,2022-03-18 17:00:00,20,
Таймыр,1216,пролив Вилькицкого - запад,Карское - 3 (центр),10.125,2022-03-16 17:00:00,0,2022-03-17 12:00:00,19,
Таймыр,1217,Карское - 3 (центр),Карское - 1 (сбор каравана),17.1,2022-03-17 12:00:00,0,2022-03-18 00:00:00,12,
Таймыр,1218,Карское - 1 (сбор каравана),Вход в Обскую губу,16.2,2022-03-18 00:00:00,0,2022-03-18 05:00:00,5,
ТАМБЕЙ,105,Вход в Обскую губу,терминал Утренний,13.299999999999999,2022-03-18 11:00:00,-6,2022-03-18 20:00:00,5,Таймыр
Таймыр,105,Вход в Обскую губу,терминал Утренний,13.299999999999999,2022-03-18 11:00:00,-6,2022-03-18 20:00:00,5,
ПОЛАР КИНГ,106,Лаптевых - 1 (центр),пролив Вилькицкого - 3,16,2022-03-18 15:00:00,0,2022-03-18 22:00:00,7,
NIKOLAY YEVGENOV,107,Лаптевых - 3 (восток),Восточно-Сибирское - 3 (север),8.4,2022-03-18 17:00:00,0,2022-03-20 05:00:00,36,
Ямал,1223,Лаптевых - 1 (центр),остров Котельный,19.0,2022-03-18 15:00:00,0,2022-03-19 08:00:00,17,
Ямал,1224,остров Котельный,Лаптевых - 3 (восток),18.0,2022-03-19 08:00:00,0,2022-03-19 17:00:00,9,
Ямал,1225,Лаптевых - 3 (восток),Восточно-Сибирское - 3 (север),16.0,2022-03-19 17:00:00,0,2022-03-20 12:00:00,19,
VLADIMIR VORONIN,108,Восточно-Сибирское - 3 (север),пролив Лонга,12.75,2022-03-18 17:00:00,43,2022-03-19 14:00:00,19,Ямал
Ямал,108,Восточно-Сибирское - 3 (север),пролив Лонга,12.75,2022-03-18 17:00:00,43,2022-03-19 14:00:00,19,
Вайгач,1228,устье Лены,Лаптевых - 1 (центр),17.1,2022-03-17 22:00:00,0,2022-03-18 12:00:00,14,
Вайгач,1229,Лаптевых - 1 (центр),пролив Вилькицкого - 3,18.5,2022-03-18 12:00:00,0,2022-03-18 18:00:00,6,
ПОЛАР КИНГ,109,пролив Вилькицкого - 3,пролив Вилькицкого - восток,12.8,2022-03-18 22:00:00,-4,2022-03-19 01:00:00,6,Вайгач
Вайгач,109,пролив Вилькицкого - 3,пролив Вилькицкого - восток,12.8,2022-03-18 22:00:00,-4,2022-03-19 01:00:00,6,
ШТУРМАН ЩЕРБИНИН,110,Победа месторождение,Мыс Желания,9.0,2022-03-19 00:00:00,0,2022-03-19 19:00:00,19,
ШТУРМАН СКУРАТОВ,111,терминал Утренний,Вход в Обскую губу,12.75,2022-03-19 00:00:00,-4,2022-03-19 10:00:00,6,Таймыр
Таймыр,111,терминал Утренний,Вход в Обскую губу,12.75,2022-03-19 00:00:00,-4,2022-03-19 10:00:00,6,
ПОЛАР КИНГ,112,пролив Вилькицкого - восток,пролив Вилькицкого - запад,11.2,2022-03-19 01:00:00,0,2022-03-19 06:00:00,6,Вайгач
Вайгач,112,пролив Вилькицкого - восток,пролив Вилькицкого - запад,11.2,2022-03-19 01:00:00,0,2022-03-19 06:00:00,6,
ПОЛАР КИНГ,113,пролив Вилькицкого - запад,Мыс Желания,12.8,2022-03-19 06:00:00,0,2022-03-20 13:00:00,6,Вайгач
Вайгач,113,пролив Вилькицкого - запад,Мыс Желания,12.8,2022-03-19 06:00:00,0,2022-03-20 13:00:00,6,
ИОГАНН МАХМАСТАЛЬ,114,Карские ворота,кромка льда на Западе,14,2022-03-19 09:00:00,0,2022-03-20 04:00:00,19,
ШТУРМАН СКУРАТОВ,115,Вход в Обскую губу,Карское - 1 (сбор каравана),9.0,2022-03-19 10:00:00,0,2022-03-19 19:00:00,9,
ШТУРМАН СКУРАТОВ,116,Карское - 1 (сбор каравана),Карское - 3 (центр),9.0,2022-03-19 19:00:00,0,2022-03-20 17:00:00,22,
ШТУРМАН ЩЕРБИНИН,117,Мыс Желания,около Новой Земли,15,2022-03-19 19:00:00,0,2022-03-20 04:00:00,9,
Ямал,1243,пролив Лонга,Восточно-Сибирское - 1 (восток),14.0,2022-03-19 14:00:00,0,2022-03-20 02:00:00,12,
БАРЕНЦ,118,Восточно-Сибирское - 1 (восток),Лаптевых - 3 (восток),12.8,2022-03-20 00:00:00,2,2022-03-21 10:00:00,12,Ямал
Ямал,118,Восточно-Сибирское - 1 (восток),Лаптевых - 3 (восток),12.8,2022-03-20 00:00:00,2,2022-03-21 10:00:00,12,
ШТУРМАН ЩЕРБИНИН,119,около Новой Земли,Окно в Европу,15,2022-03-20 04:00:00,0,2022-03-21 23:00:00,43,
ИОГАНН МАХМАСТАЛЬ,120,кромка льда на Западе,Окно в Европу,14,2022-03-20 04:00:00,0,2022-03-21 12:00:00,32,
50 лет Победы,1248,Вход в Обскую губу,Карское - 1 (сбор каравана),18.0,2022-03-18 11:00:00,0,2022-03-18 15:00:00,4,
50 лет Победы,1249,Карское - 1 (сбор каравана),Карское - 3 (центр),19.0,2022-03-18 15:00:00,0,2022-03-19 01:00:00,10,
50 лет Победы,1250,Карское - 3 (центр),пролив Вилькицкого - запад,13.5,2022-03-19 01:00:00,0,2022-03-19 15:00:00,14,
50 лет Победы,1251,пролив Вилькицкого - запад,пролив Вилькицкого - восток,10.5,2022-03-19 15:00:00,0,2022-03-19 20:00:00,5,
50 лет Победы,1252,пролив Вилькицкого - восток,пролив Вилькицкого - 3,16.0,2022-03-19 20:00:00,0,2022-03-19 22:00:00,2,
50 лет Победы,1253,пролив Вилькицкого - 3,Лаптевых - 1 (центр),22,2022-03-19 22:00:00,0,2022-03-20 03:00:00,5,
50 лет Победы,1254,Лаптевых - 1 (центр),остров Котельный,19.0,2022-03-20 03:00:00,0,2022-03-20 20:00:00,17,
50 лет Победы,1255,остров Котельный,Лаптевых - 3 (восток),18.0,2022-03-20 20:00:00,0,2022-03-21 05:00:00,9,
50 лет Победы,1256,Лаптевых - 3 (восток),Восточно-Сибирское - 3 (север),16.0,2022-03-21 05:00:00,0,2022-03-22 00:00:00,19,
NIKOLAY YEVGENOV,121,Восточно-Сибирское - 3 (север),пролив Лонга,11.9,2022-03-20 05:00:00,43,2022-03-21 04:00:00,19,50 лет Победы
50 лет Победы,121,Восточно-Сибирское - 3 (север),пролив Лонга,11.9,2022-03-20 05:00:00,43,2022-03-21 04:00:00,19,
ПОЛАР КИНГ,122,Мыс Желания,около Новой Земли,16,2022-03-20 13:00:00,0,2022-03-20 22:00:00,9,
Таймыр,1260,Вход в Обскую губу,Карское - 1 (сбор каравана),16.2,2022-03-19 10:00:00,0,2022-03-19 15:00:00,5,
Таймыр,1261,Карское - 1 (сбор каравана),Карское - 3 (центр),17.1,2022-03-19 15:00:00,0,2022-03-20 03:00:00,12,
ШТУРМАН СКУРАТОВ,123,Карское - 3 (центр),пролив Вилькицкого - запад,12.75,2022-03-20 17:00:00,-14,2022-03-21 08:00:00,12,Таймыр
Таймыр,123,Карское - 3 (центр),пролив Вилькицкого - запад,12.75,2022-03-20 17:00:00,-14,2022-03-21 08:00:00,12,
ПОЛАР КИНГ,124,около Новой Земли,кромка льда на Западе,16,2022-03-20 22:00:00,0,2022-03-22 01:00:00,27,
ШТУРМАН СКУРАТОВ,125,пролив Вилькицкого - запад,пролив Вилькицкого - восток,12.75,2022-03-21 08:00:00,0,2022-03-21 12:00:00,12,Таймыр
Таймыр,125,пролив Вилькицкого - запад,пролив Вилькицкого - восток,12.75,2022-03-21 08:00:00,0,2022-03-21 12:00:00,12,
БАРЕНЦ,126,Лаптевых - 3 (восток),остров Котельный,12.8,2022-03-21 10:00:00,0,2022-03-21 23:00:00,12,Ямал
Ямал,126,Лаптевых - 3 (восток),остров Котельный,12.8,2022-03-21 10:00:00,0,2022-03-21 23:00:00,12,
ШТУРМАН СКУРАТОВ,127,пролив Вилькицкого - восток,пролив Вилькицкого - 3,9.0,2022-03-21 12:00:00,0,2022-03-21 17:00:00,5,
ШТУРМАН СКУРАТОВ,128,пролив Вилькицкого - 3,Лаптевых - 1 (центр),15,2022-03-21 17:00:00,0,2022-03-22 01:00:00,8,
БАРЕНЦ,129,остров Котельный,Лаптевых - 1 (центр),12.8,2022-03-21 23:00:00,0,2022-03-23 01:00:00,12,Ямал
Ямал,129,остров Котельный,Лаптевых - 1 (центр),12.8,2022-03-21 23:00:00,0,2022-03-23 01:00:00,12,
ПОЛАР КИНГ,130,кромка льда на Западе,Архангельск,16,2022-03-22 01:00:00,0,2022-03-22 20:00:00,19,
ШТУРМАН СКУРАТОВ,131,Лаптевых - 1 (центр),устье Лены,9.0,2022-03-22 01:00:00,0,2022-03-23 04:00:00,27,
БАРЕНЦ,132,Лаптевых - 1 (центр),пролив Вилькицкого - 3,16,2022-03-23 01:00:00,0,2022-03-23 08:00:00,7,
Таймыр,1276,пролив Вилькицкого - восток,пролив Вилькицкого - 3,14.4,2022-03-21 12:00:00,0,2022-03-21 15:00:00,3,
БАРЕНЦ,133,пролив Вилькицкого - 3,пролив Вилькицкого - восток,12.8,2022-03-23 08:00:00,-41,2022-03-23 11:00:00,3,Таймыр
Таймыр,133,пролив Вилькицкого - 3,пролив Вилькицкого - восток,12.8,2022-03-23 08:00:00,-41,2022-03-23 11:00:00,3,
Вайгач,1279,Мыс Желания,пролив Вилькицкого - запад,14.85,2022-03-20 13:00:00,0,2022-03-21 16:00:00,27,
Вайгач,1280,пролив Вилькицкого - запад,пролив Вилькицкого - восток,7.875,2022-03-21 16:00:00,0,2022-03-21 23:00:00,7,
БАРЕНЦ,134,пролив Вилькицкого - восток,пролив Вилькицкого - запад,11.2,2022-03-23 11:00:00,-36,2022-03-23 16:00:00,7,Вайгач
Вайгач,134,пролив Вилькицкого - восток,пролив Вилькицкого - запад,11.2,2022-03-23 11:00:00,-36,2022-03-23 16:00:00,7,
Ямал,1283,Лаптевых - 1 (центр),пролив Вилькицкого - 3,21,2022-03-23 01:00:00,0,2022-03-23 06:00:00,5,
Ямал,1284,пролив Вилькицкого - 3,пролив Вилькицкого - восток,16.0,2022-03-23 06:00:00,0,2022-03-23 08:00:00,2,
Ямал,1285,пролив Вилькицкого - восток,пролив Вилькицкого - запад,10.5,2022-03-23 08:00:00,0,2022-03-23 13:00:00,5,
БАРЕНЦ,135,пролив Вилькицкого - запад,Мыс Желания,12.8,2022-03-23 16:00:00,-3,2022-03-24 23:00:00,5,Ямал
Ямал,135,пролив Вилькицкого - запад,Мыс Желания,12.8,2022-03-23 16:00:00,-3,2022-03-24 23:00:00,5,
BORIS SOKOLOV,136,Архангельск,кромка льда на Западе,14,2022-03-24 00:00:00,0,2022-03-24 22:00:00,22,
Вайгач,1289,пролив Вилькицкого - запад,Карское - 3 (центр),10.125,2022-03-23 16:00:00,0,2022-03-24 11:00:00,19,
Вайгач,1290,Карское - 3 (центр),Карское - 1 (сбор каравана),17.1,2022-03-24 11:00:00,0,2022-03-24 23:00:00,12,
Вайгач,1291,Карское - 1 (сбор каравана),Вход в Обскую губу,16.2,2022-03-24 23:00:00,0,2022-03-25 04:00:00,5,
Вайгач,1292,Вход в Обскую губу,Новый порт,9.375,2022-03-25 04:00:00,0,2022-03-26 09:00:00,29,
АЙС ИГЛ,137,Новый порт,Вход в Обскую губу,9.799999999999999,2022-03-24 00:00:00,57,2022-03-25 04:00:00,29,Вайгач
Вайгач,137,Новый порт,Вход в Обскую губу,9.799999999999999,2022-03-24 00:00:00,57,2022-03-25 04:00:00,29,
BORIS SOKOLOV,138,кромка льда на Западе,Карские ворота,14,2022-03-24 22:00:00,0,2022-03-25 17:00:00,19,
БАРЕНЦ,139,Мыс Желания,около Новой Земли,16,2022-03-24 23:00:00,0,2022-03-25 08:00:00,9,
АЙС ИГЛ,140,Вход в Обскую губу,Мыс Желания,11.200000000000001,2022-03-25 04:00:00,0,2022-03-26 03:00:00,29,Вайгач
Вайгач,140,Вход в Обскую губу,Мыс Желания,11.200000000000001,2022-03-25 04:00:00,0,2022-03-26 03:00:00,29,
БАРЕНЦ,141,около Новой Земли,Штокман,16,2022-03-25 08:00:00,0,2022-03-26 02:00:00,18,
BORIS SOKOLOV,142,Карские ворота,Карское - 1 (сбор каравана),14,2022-03-25 17:00:00,0,2022-03-26 22:00:00,29,
ШТУРМАН АЛЬБАНОВ,143,Штокман,около Новой Земли,19,2022-03-26 00:00:00,0,2022-03-26 15:00:00,15,
БАРЕНЦ,144,Штокман,Рейд Мурманска,16,2022-03-26 02:00:00,0,2022-03-26 20:00:00,18,
АЙС ИГЛ,145,Мыс Желания,около Новой Земли,14,2022-03-26 03:00:00,0,2022-03-26 13:00:00,10,
АЙС ИГЛ,146,около Новой Земли,Штокман,14,2022-03-26 13:00:00,0,2022-03-27 10:00:00,21,
ШТУРМАН АЛЬБАНОВ,147,около Новой Земли,Мыс Желания,19,2022-03-26 15:00:00,0,2022-03-26 22:00:00,7,
BORIS SOKOLOV,148,Карское - 1 (сбор каравана),Бухта Север и Диксон,8.4,2022-03-26 22:00:00,0,2022-03-27 07:00:00,9,
ШТУРМАН АЛЬБАНОВ,149,Мыс Желания,Карское - 1 (сбор каравана),19,2022-03-26 22:00:00,0,2022-03-27 10:00:00,12,
BORIS SOKOLOV,150,Бухта Север и Диксон,Дудинка,8.4,2022-03-27 07:00:00,0,2022-03-28 12:00:00,29,
ШТУРМАН АЛЬБАНОВ,151,Карское - 1 (сбор каравана),Бухта Север и Диксон,11.4,2022-03-27 10:00:00,0,2022-03-27 16:00:00,6,
ШТУРМАН АЛЬБАНОВ,152,Бухта Север и Диксон,Дудинка,11.4,2022-03-27 16:00:00,0,2022-03-28 14:00:00,22,
Ямал,1311,Мыс Желания,Победа месторождение,19.0,2022-03-24 23:00:00,0,2022-03-25 08:00:00,9,
МЫС ДЕЖНЕВА,153,Победа месторождение,Мыс Желания,12.8,2022-04-01 00:00:00,-160,2022-04-01 13:00:00,9,Ямал
Ямал,153,Победа месторождение,Мыс Желания,12.8,2022-04-01 00:00:00,-160,2022-04-01 13:00:00,9,
МЫС ДЕЖНЕВА,154,Мыс Желания,Карское - 1 (сбор каравана),16,2022-04-01 13:00:00,0,2022-04-02 03:00:00,14,
Таймыр,1315,пролив Вилькицкого - восток,пролив Вилькицкого - запад,7.875,2022-03-23 11:00:00,0,2022-03-23 18:00:00,7,
Таймыр,1316,пролив Вилькицкого - запад,Карское - 3 (центр),10.125,2022-03-23 18:00:00,0,2022-03-24 13:00:00,19,
Таймыр,1317,Карское - 3 (центр),Карское - 1 (сбор каравана),17.1,2022-03-24 13:00:00,0,2022-03-25 01:00:00,12,
МЫС ДЕЖНЕВА,155,Карское - 1 (сбор каравана),Бухта Север и Диксон,12.8,2022-04-02 03:00:00,-194,2022-04-02 09:00:00,12,Таймыр
Таймыр,155,Карское - 1 (сбор каравана),Бухта Север и Диксон,12.8,2022-04-02 03:00:00,-194,2022-04-02 09:00:00,12,
50 лет Победы,1320,пролив Лонга,Восточно-Сибирское - 3 (север),12.5,2022-03-21 04:00:00,0,2022-03-22 02:00:00,22,
50 лет Победы,1321,Восточно-Сибирское - 3 (север),Лаптевых - 3 (восток),16.0,2022-03-22 02:00:00,0,2022-03-22 21:00:00,19,
50 лет Победы,1322,Лаптевых - 3 (восток),остров Котельный,18.0,2022-03-22 21:00:00,0,2022-03-23 06:00:00,9,
50 лет Победы,1323,остров Котельный,Лаптевых - 1 (центр),19.0,2022-03-23 06:00:00,0,2022-03-23 23:00:00,17,
50 лет Победы,1324,Лаптевых - 1 (центр),пролив Вилькицкого - 3,22,2022-03-23 23:00:00,0,2022-03-24 04:00:00,5,
50 лет Победы,1325,пролив Вилькицкого - 3,пролив Вилькицкого - восток,16.0,2022-03-24 04:00:00,0,2022-03-24 06:00:00,2,
50 лет Победы,1326,пролив Вилькицкого - восток,Таймырский залив,11.0,2022-03-24 06:00:00,0,2022-03-24 16:00:00,10,
50 лет Победы,1327,Таймырский залив,Карское - 2 (прибрежный),17.0,2022-03-24 16:00:00,0,2022-03-25 05:00:00,13,
50 лет Победы,1328,Карское - 2 (прибрежный),Бухта Север и Диксон,16.0,2022-03-25 05:00:00,0,2022-03-25 12:00:00,7,
МЫС ДЕЖНЕВА,156,Бухта Север и Диксон,Дудинка,12.8,2022-04-02 09:00:00,-189,2022-04-03 04:00:00,7,50 лет Победы
50 лет Победы,156,Бухта Север и Диксон,Дудинка,12.8,2022-04-02 09:00:00,-189,2022-04-03 04:00:00,7,
Вайгач,1331,Мыс Желания,пролив Вилькицкого - запад,14.85,2022-03-26 03:00:00,0,2022-03-27 06:00:00,27,
Вайгач,1332,пролив Вилькицкого - запад,пролив Вилькицкого - восток,7.875,2022-03-27 06:00:00,0,2022-03-27 13:00:00,7,
Вайгач,1333,пролив Вилькицкого - восток,пролив Вилькицкого - 3,14.4,2022-03-27 13:00:00,0,2022-03-27 16:00:00,3,
Вайгач,1334,пролив Вилькицкого - 3,Лаптевых - 1 (центр),18.5,2022-03-27 16:00:00,0,2022-03-27 22:00:00,6,
Вайгач,1335,Лаптевых - 1 (центр),остров Котельный,17.1,2022-03-27 22:00:00,0,2022-03-28 17:00:00,19,
Вайгач,1336,остров Котельный,Лаптевых - 3 (восток),16.2,2022-03-28 17:00:00,0,2022-03-29 03:00:00,10,
Вайгач,1337,Лаптевых - 3 (восток),Восточно-Сибирское - 3 (север),14.4,2022-03-29 03:00:00,0,2022-03-30 00:00:00,21,
Вайгач,1338,Восточно-Сибирское - 3 (север),пролив Лонга,9.375,2022-03-30 00:00:00,0,2022-03-31 05:00:00,29,
ГЕОРГИЙ УШАКОВ,157,пролив Лонга,Восточно-Сибирское - 3 (север),11.2,2022-04-06 00:00:00,-139,2022-04-07 00:00:00,29,Вайгач
Вайгач,157,пролив Лонга,Восточно-Сибирское - 3 (север),11.2,2022-04-06 00:00:00,-139,2022-04-07 00:00:00,29,
Ямал,1341,Мыс Желания,пролив Вилькицкого - запад,16.5,2022-04-01 13:00:00,0,2022-04-02 13:00:00,24,
Ямал,1342,пролив Вилькицкого - запад,пролив Вилькицкого - восток,10.5,2022-04-02 13:00:00,0,2022-04-02 18:00:00,5,
Ямал,1343,пролив Вилькицкого - восток,пролив Вилькицкого - 3,16.0,2022-04-02 18:00:00,0,2022-04-02 20:00:00,2,
Ямал,1344,пролив Вилькицкого - 3,Лаптевых - 1 (центр),21,2022-04-02 20:00:00,0,2022-04-03 01:00:00,5,
Ямал,1345,Лаптевых - 1 (центр),остров Котельный,19.0,2022-04-03 01:00:00,0,2022-04-03 18:00:00,17,
Ямал,1346,остров Котельный,Лаптевых - 3 (восток),18.0,2022-04-03 18:00:00,0,2022-04-04 03:00:00,9,
Ямал,1347,Лаптевых - 3 (восток),Восточно-Сибирское - 3 (север),16.0,2022-04-04 03:00:00,0,2022-04-04 22:00:00,19,
ГЕОРГИЙ УШАКОВ,158,Восточно-Сибирское - 3 (север),Лаптевых - 3 (восток),12.8,2022-04-07 00:00:00,-50,2022-04-08 00:00:00,19,Ямал
Ямал,158,Восточно-Сибирское - 3 (север),Лаптевых - 3 (восток),12.8,2022-04-07 00:00:00,-50,2022-04-08 00:00:00,19,
УРАРТУ,159,Архангельск,кромка льда на Западе,18,2022-04-07 00:00:00,0,2022-04-07 17:00:00,17,
УРАРТУ,160,кромка льда на Западе,около Новой Земли,18,2022-04-07 17:00:00,0,2022-04-08 17:00:00,24,
СЕВМОРПУТЬ,161,Штокман,около Новой Земли,14,2022-04-08 00:00:00,0,2022-04-08 21:00:00,21,
Таймыр,1353,Бухта Север и Диксон,Карское - 2 (прибрежный),14.4,2022-04-02 09:00:00,0,2022-04-02 17:00:00,8,
Таймыр,1354,Карское - 2 (прибрежный),Таймырский залив,15.3,2022-04-02 17:00:00,0,2022-04-03 07:00:00,14,
Таймыр,1355,Таймырский залив,пролив Вилькицкого - восток,8.25,2022-04-03 07:00:00,0,2022-04-03 21:00:00,14,
Таймыр,1356,пролив Вилькицкого - восток,пролив Вилькицкого - 3,14.4,2022-04-03 21:00:00,0,2022-04-04 00:00:00,3,
Таймыр,1357,пролив Вилькицкого - 3,Лаптевых - 1 (центр),18.5,2022-04-04 00:00:00,0,2022-04-04 06:00:00,6,
Таймыр,1358,Лаптевых - 1 (центр),остров Котельный,17.1,2022-04-04 06:00:00,0,2022-04-05 01:00:00,19,
Таймыр,1359,остров Котельный,Лаптевых - 3 (восток),16.2,2022-04-05 01:00:00,0,2022-04-05 11:00:00,10,
ГЕОРГИЙ УШАКОВ,162,Лаптевых - 3 (восток),остров Котельный,12.8,2022-04-08 00:00:00,-61,2022-04-08 13:00:00,10,Таймыр
Таймыр,162,Лаптевых - 3 (восток),остров Котельный,12.8,2022-04-08 00:00:00,-61,2022-04-08 13:00:00,10,
50 лет Победы,1362,Дудинка,Бухта Север и Диксон,16.0,2022-04-03 04:00:00,0,2022-04-03 19:00:00,15,
50 лет Победы,1363,Бухта Север и Диксон,Карское - 2 (прибрежный),16.0,2022-04-03 19:00:00,0,2022-04-04 02:00:00,7,
50 лет Победы,1364,Карское - 2 (прибрежный),Таймырский залив,17.0,2022-04-04 02:00:00,0,2022-04-04 15:00:00,13,
50 лет Победы,1365,Таймырский залив,пролив Вилькицкого - восток,11.0,2022-04-04 15:00:00,0,2022-04-05 01:00:00,10,
50 лет Победы,1366,пролив Вилькицкого - восток,пролив Вилькицкого - 3,16.0,2022-04-05 01:00:00,0,2022-04-05 03:00:00,2,
50 лет Победы,1367,пролив Вилькицкого - 3,Лаптевых - 1 (центр),22,2022-04-05 03:00:00,0,2022-04-05 08:00:00,5,
50 лет Победы,1368,Лаптевых - 1 (центр),остров Котельный,19.0,2022-04-05 08:00:00,0,2022-04-06 01:00:00,17,
ГЕОРГИЙ УШАКОВ,163,остров Котельный,Лаптевых - 1 (центр),12.8,2022-04-08 13:00:00,-60,2022-04-09 15:00:00,17,50 лет Победы
50 лет Победы,163,остров Котельный,Лаптевых - 1 (центр),12.8,2022-04-08 13:00:00,-60,2022-04-09 15:00:00,17,
УРАРТУ,164,около Новой Земли,Мыс Желания,18,2022-04-08 17:00:00,0,2022-04-09 01:00:00,8,
СЕВМОРПУТЬ,165,около Новой Земли,Мыс Желания,14,2022-04-08 21:00:00,0,2022-04-09 07:00:00,10,
Ямал,1373,Лаптевых - 3 (восток),остров Котельный,18.0,2022-04-08 00:00:00,0,2022-04-08 09:00:00,9,
Ямал,1374,остров Котельный,Лаптевых - 1 (центр),19.0,2022-04-08 09:00:00,0,2022-04-09 02:00:00,17,
Ямал,1375,Лаптевых - 1 (центр),пролив Вилькицкого - 3,21,2022-04-09 02:00:00,0,2022-04-09 07:00:00,5,
Ямал,1376,пролив Вилькицкого - 3,пролив Вилькицкого - восток,16.0,2022-04-09 07:00:00,0,2022-04-09 09:00:00,2,
Ямал,1377,пролив Вилькицкого - восток,пролив Вилькицкого - запад,10.5,2022-04-09 09:00:00,0,2022-04-09 14:00:00,5,
Ямал,1378,пролив Вилькицкого - запад,Мыс Желания,16.5,2022-04-09 14:00:00,0,2022-04-10 14:00:00,24,
УРАРТУ,166,Мыс Желания,пролив Вилькицкого - запад,14.4,2022-04-09 01:00:00,37,2022-04-10 05:00:00,24,Ямал
Ямал,166,Мыс Желания,пролив Вилькицкого - запад,14.4,2022-04-09 01:00:00,37,2022-04-10 05:00:00,24,
СЕВМОРПУТЬ,167,Мыс Желания,Карское - 1 (сбор каравана),14,2022-04-09 07:00:00,0,2022-04-10 00:00:00,17,
ГЕОРГИЙ УШАКОВ,168,Лаптевых - 1 (центр),пролив Вилькицкого - 3,16,2022-04-09 15:00:00,0,2022-04-09 22:00:00,7,
Вайгач,1383,Восточно-Сибирское - 3 (север),Лаптевых - 3 (восток),14.4,2022-04-07 00:00:00,0,2022-04-07 21:00:00,21,
Вайгач,1384,Лаптевых - 3 (восток),остров Котельный,16.2,2022-04-07 21:00:00,0,2022-04-08 07:00:00,10,
Вайгач,1385,остров Котельный,Лаптевых - 1 (центр),17.1,2022-04-08 07:00:00,0,2022-04-09 02:00:00,19,
Вайгач,1386,Лаптевых - 1 (центр),пролив Вилькицкого - 3,18.5,2022-04-09 02:00:00,0,2022-04-09 08:00:00,6,
ГЕОРГИЙ УШАКОВ,169,пролив Вилькицкого - 3,пролив Вилькицкого - восток,12.8,2022-04-09 22:00:00,-14,2022-04-10 01:00:00,6,Вайгач
Вайгач,169,пролив Вилькицкого - 3,пролив Вилькицкого - восток,12.8,2022-04-09 22:00:00,-14,2022-04-10 01:00:00,6,
50 лет Победы,1389,Лаптевых - 1 (центр),пролив Вилькицкого - 3,22,2022-04-09 15:00:00,0,2022-04-09 20:00:00,5,
50 лет Победы,1390,пролив Вилькицкого - 3,пролив Вилькицкого - восток,16.0,2022-04-09 20:00:00,0,2022-04-09 22:00:00,2,
50 лет Победы,1391,пролив Вилькицкого - восток,пролив Вилькицкого - запад,10.5,2022-04-09 22:00:00,0,2022-04-10 03:00:00,5,
50 лет Победы,1392,пролив Вилькицкого - запад,Карское - 3 (центр),13.5,2022-04-10 03:00:00,0,2022-04-10 17:00:00,14,
50 лет Победы,1393,Карское - 3 (центр),Карское - 1 (сбор каравана),19.0,2022-04-10 17:00:00,0,2022-04-11 03:00:00,10,
СЕВМОРПУТЬ,170,Карское - 1 (сбор каравана),Бухта Север и Диксон,11.200000000000001,2022-04-10 00:00:00,27,2022-04-10 06:00:00,10,50 лет Победы
50 лет Победы,170,Карское - 1 (сбор каравана),Бухта Север и Диксон,11.200000000000001,2022-04-10 00:00:00,27,2022-04-10 06:00:00,10,
50 лет Победы,1396,Бухта Север и Диксон,Карское - 1 (сбор каравана),16.0,2022-04-10 06:00:00,0,2022-04-10 10:00:00,4,
50 лет Победы,1397,Карское - 1 (сбор каравана),Вход в Обскую губу,18.0,2022-04-10 10:00:00,0,2022-04-10 14:00:00,4,
50 лет Победы,1398,Вход в Обскую губу,Новый порт,12.5,2022-04-10 14:00:00,0,2022-04-11 12:00:00,22,
ГРИГОРИЙ ШЕЛИХОВ,171,Новый порт,Вход в Обскую губу,9.799999999999999,2022-04-10 00:00:00,36,2022-04-11 04:00:00,22,50 лет Победы
50 лет Победы,171,Новый порт,Вход в Обскую губу,9.799999999999999,2022-04-10 00:00:00,36,2022-04-11 04:00:00,22,
Таймыр,1401,остров Котельный,Лаптевых - 1 (центр),17.1,2022-04-08 13:00:00,0,2022-04-09 08:00:00,19,
Таймыр,1402,Лаптевых - 1 (центр),пролив Вилькицкого - 3,18.5,2022-04-09 08:00:00,0,2022-04-09 14:00:00,6,
Таймыр,1403,пролив Вилькицкого - 3,пролив Вилькицкого - восток,14.4,2022-04-09 14:00:00,0,2022-04-09 17:00:00,3,
ГЕОРГИЙ УШАКОВ,172,пролив Вилькицкого - восток,пролив Вилькицкого - запад,11.2,2022-04-10 01:00:00,-8,2022-04-10 06:00:00,3,Таймыр
Таймыр,172,пролив Вилькицкого - восток,пролив Вилькицкого - запад,11.2,2022-04-10 01:00:00,-8,2022-04-10 06:00:00,3,
УРАРТУ,173,пролив Вилькицкого - запад,пролив Вилькицкого - восток,12.6,2022-04-10 05:00:00,0,2022-04-10 09:00:00,3,Ямал
Ямал,173,пролив Вилькицкого - запад,пролив Вилькицкого - восток,12.6,2022-04-10 05:00:00,0,2022-04-10 09:00:00,3,
ГЕОРГИЙ УШАКОВ,174,пролив Вилькицкого - запад,Мыс Желания,12.8,2022-04-10 06:00:00,0,2022-04-11 13:00:00,3,Таймыр
Таймыр,174,пролив Вилькицкого - запад,Мыс Желания,12.8,2022-04-10 06:00:00,0,2022-04-11 13:00:00,3,
ГРИГОРИЙ ШЕЛИХОВ,179,Вход в Обскую губу,Карское - 1 (сбор каравана),18.0,2022-04-11 04:00:00,0,2022-04-11 08:00:00,4,50 лет Победы
50 лет Победы,1411,Вход в Обскую губу,Карское - 1 (сбор каравана),18.0,2022-04-11 04:00:00,0,2022-04-11 08:00:00,4,
50 лет Победы,1412,Карское - 1 (сбор каравана),Бухта Север и Диксон,16.0,2022-04-11 08:00:00,0,2022-04-11 12:00:00,4,
СЕВМОРПУТЬ,175,Бухта Север и Диксон,Дудинка,11.200000000000001,2022-04-10 06:00:00,30,2022-04-11 04:00:00,4,50 лет Победы
50 лет Победы,175,Бухта Север и Диксон,Дудинка,11.200000000000001,2022-04-10 06:00:00,30,2022-04-11 04:00:00,4,
УРАРТУ,176,пролив Вилькицкого - восток,пролив Вилькицкого - 3,14.4,2022-04-10 09:00:00,-8,2022-04-10 12:00:00,4,Вайгач
Вайгач,176,пролив Вилькицкого - восток,пролив Вилькицкого - 3,14.4,2022-04-10 09:00:00,-8,2022-04-10 12:00:00,4,
УРАРТУ,177,пролив Вилькицкого - 3,Лаптевых - 1 (центр),18,2022-04-10 12:00:00,0,2022-04-10 18:00:00,6,
Ямал,1418,пролив Вилькицкого - восток,пролив Вилькицкого - 3,16.0,2022-04-10 09:00:00,0,2022-04-10 11:00:00,2,
Ямал,1419,пролив Вилькицкого - 3,Лаптевых - 1 (центр),21,2022-04-10 11:00:00,0,2022-04-10 16:00:00,5,
УРАРТУ,178,Лаптевых - 1 (центр),устье Лены,14.4,2022-04-10 18:00:00,-2,2022-04-11 11:00:00,5,Ямал
Ямал,178,Лаптевых - 1 (центр),устье Лены,14.4,2022-04-10 18:00:00,-2,2022-04-11 11:00:00,5,
50 лет Победы,1422,Дудинка,Бухта Север и Диксон,16.0,2022-04-11 04:00:00,0,2022-04-11 19:00:00,15,
50 лет Победы,1423,Бухта Север и Диксон,Карское - 1 (сбор каравана),16.0,2022-04-11 19:00:00,0,2022-04-11 23:00:00,4,
ГРИГОРИЙ ШЕЛИХОВ,180,Карское - 1 (сбор каравана),Карское - 3 (центр),11.200000000000001,2022-04-11 11:00:00,12,2022-04-12 05:00:00,4,50 лет Победы
50 лет Победы,180,Карское - 1 (сбор каравана),Карское - 3 (центр),11.200000000000001,2022-04-11 11:00:00,12,2022-04-12 05:00:00,4,
ГЕОРГИЙ УШАКОВ,181,Мыс Желания,около Новой Земли,16,2022-04-11 13:00:00,0,2022-04-11 22:00:00,9,
ГЕОРГИЙ УШАКОВ,182,около Новой Земли,Штокман,16,2022-04-11 22:00:00,0,2022-04-12 16:00:00,18,
Вайгач,1428,пролив Вилькицкого - 3,пролив Вилькицкого - восток,14.4,2022-04-10 12:00:00,0,2022-04-10 15:00:00,3,
Вайгач,1429,пролив Вилькицкого - восток,пролив Вилькицкого - запад,7.875,2022-04-10 15:00:00,0,2022-04-10 22:00:00,7,
Вайгач,1430,пролив Вилькицкого - запад,Карское - 3 (центр),10.125,2022-04-10 22:00:00,0,2022-04-11 17:00:00,19,
ГРИГОРИЙ ШЕЛИХОВ,183,Карское - 3 (центр),пролив Вилькицкого - запад,9.799999999999999,2022-04-12 05:00:00,-12,2022-04-13 00:00:00,19,Вайгач
Вайгач,183,Карское - 3 (центр),пролив Вилькицкого - запад,9.799999999999999,2022-04-12 05:00:00,-12,2022-04-13 00:00:00,19,
Ямал,1433,устье Лены,Лаптевых - 1 (центр),19.0,2022-04-11 11:00:00,0,2022-04-11 23:00:00,12,
Ямал,1434,Лаптевых - 1 (центр),пролив Вилькицкого - 3,21,2022-04-11 23:00:00,0,2022-04-12 04:00:00,5,
Ямал,1435,пролив Вилькицкого - 3,пролив Вилькицкого - восток,16.0,2022-04-12 04:00:00,0,2022-04-12 06:00:00,2,
Ямал,1436,пролив Вилькицкого - восток,пролив Вилькицкого - запад,10.5,2022-04-12 06:00:00,0,2022-04-12 11:00:00,5,
ГРИГОРИЙ ШЕЛИХОВ,184,пролив Вилькицкого - запад,пролив Вилькицкого - восток,9.799999999999999,2022-04-13 00:00:00,-13,2022-04-13 06:00:00,5,Ямал
Ямал,184,пролив Вилькицкого - запад,пролив Вилькицкого - восток,9.799999999999999,2022-04-13 00:00:00,-13,2022-04-13 06:00:00,5,
Таймыр,1439,Мыс Желания,пролив Вилькицкого - запад,14.85,2022-04-11 13:00:00,0,2022-04-12 16:00:00,27,
Таймыр,1440,пролив Вилькицкого - запад,пролив Вилькицкого - восток,7.875,2022-04-12 16:00:00,0,2022-04-12 23:00:00,7,
ГРИГОРИЙ ШЕЛИХОВ,185,пролив Вилькицкого - восток,пролив Вилькицкого - 3,11.200000000000001,2022-04-13 06:00:00,-7,2022-04-13 10:00:00,7,Таймыр
Таймыр,185,пролив Вилькицкого - восток,пролив Вилькицкого - 3,11.200000000000001,2022-04-13 06:00:00,-7,2022-04-13 10:00:00,7,
ГРИГОРИЙ ШЕЛИХОВ,186,пролив Вилькицкого - 3,Лаптевых - 1 (центр),14,2022-04-13 10:00:00,0,2022-04-13 18:00:00,8,
50 лет Победы,1444,Карское - 3 (центр),пролив Вилькицкого - запад,13.5,2022-04-12 05:00:00,0,2022-04-12 19:00:00,14,
50 лет Победы,1445,пролив Вилькицкого - запад,пролив Вилькицкого - восток,10.5,2022-04-12 19:00:00,0,2022-04-13 00:00:00,5,
50 лет Победы,1446,пролив Вилькицкого - восток,пролив Вилькицкого - 3,16.0,2022-04-13 00:00:00,0,2022-04-13 02:00:00,2,
50 лет Победы,1447,пролив Вилькицкого - 3,Лаптевых - 1 (центр),22,2022-04-13 02:00:00,0,2022-04-13 07:00:00,5,
ГРИГОРИЙ ШЕЛИХОВ,187,Лаптевых - 1 (центр),устье Лены,11.200000000000001,2022-04-13 18:00:00,-11,2022-04-14 15:00:00,5,50 лет Победы
50 лет Победы,187,Лаптевых - 1 (центр),устье Лены,11.200000000000001,2022-04-13 18:00:00,-11,2022-04-14 15:00:00,5,
Ямал,1450,пролив Вилькицкого - восток,пролив Вилькицкого - запад,10.5,2022-04-13 06:00:00,0,2022-04-13 11:00:00,5,
Ямал,1451,пролив Вилькицкого - запад,Карское - 3 (центр),13.5,2022-04-13 11:00:00,0,2022-04-14 01:00:00,14,
Ямал,1452,Карское - 3 (центр),Карское - 1 (сбор каравана),19.0,2022-04-14 01:00:00,0,2022-04-14 11:00:00,10,
Ямал,1453,Карское - 1 (сбор каравана),Вход в Обскую губу,18.0,2022-04-14 11:00:00,0,2022-04-14 15:00:00,4,
Ямал,1454,Вход в Обскую губу,терминал Утренний,12.5,2022-04-14 15:00:00,0,2022-04-15 01:00:00,10,
ФЕСКО ПАРИС,188,терминал Утренний,Вход в Обскую губу,12.6,2022-04-15 00:00:00,1,2022-04-15 10:00:00,10,Ямал
Ямал,188,терминал Утренний,Вход в Обскую губу,12.6,2022-04-15 00:00:00,1,2022-04-15 10:00:00,10,
Вайгач,1457,пролив Вилькицкого - запад,Карское - 3 (центр),10.125,2022-04-13 00:00:00,0,2022-04-13 19:00:00,19,
Вайгач,1458,Карское - 3 (центр),Карское - 1 (сбор каравана),17.1,2022-04-13 19:00:00,0,2022-04-14 07:00:00,12,
Вайгач,1459,Карское - 1 (сбор каравана),Вход в Обскую губу,16.2,2022-04-14 07:00:00,0,2022-04-14 12:00:00,5,
ФЕСКО ПАРИС,189,Вход в Обскую губу,Карское - 1 (сбор каравана),14.4,2022-04-15 10:00:00,-22,2022-04-15 16:00:00,5,Вайгач
Вайгач,189,Вход в Обскую губу,Карское - 1 (сбор каравана),14.4,2022-04-15 10:00:00,-22,2022-04-15 16:00:00,5,
Таймыр,1462,пролив Вилькицкого - 3,пролив Вилькицкого - восток,14.4,2022-04-13 10:00:00,0,2022-04-13 13:00:00,3,
Таймыр,1463,пролив Вилькицкого - восток,пролив Вилькицкого - запад,7.875,2022-04-13 13:00:00,0,2022-04-13 20:00:00,7,
Таймыр,1464,пролив Вилькицкого - запад,Карское - 3 (центр),10.125,2022-04-13 20:00:00,0,2022-04-14 15:00:00,19,
Таймыр,1465,Карское - 3 (центр),Карское - 1 (сбор каравана),17.1,2022-04-14 15:00:00,0,2022-04-15 03:00:00,12,
ФЕСКО ПАРИС,190,Карское - 1 (сбор каравана),Карское - 3 (центр),14.4,2022-04-15 16:00:00,-13,2022-04-16 06:00:00,12,Таймыр
Таймыр,190,Карское - 1 (сбор каравана),Карское - 3 (центр),14.4,2022-04-15 16:00:00,-13,2022-04-16 06:00:00,12,
ПРОГРЕСС,191,Штокман,около Новой Земли,18,2022-04-16 00:00:00,0,2022-04-16 16:00:00,16,
МИХАИЛ БРИТНЕВ,192,Рейд Мурманска,кромка льда на Западе,18,2022-04-16 00:00:00,0,2022-04-16 12:00:00,12,
САБЕТТА,193,Индига,Карские ворота,16,2022-04-16 00:00:00,0,2022-04-16 16:00:00,16,
Ямал,1471,Вход в Обскую губу,Карское - 1 (сбор каравана),18.0,2022-04-15 10:00:00,0,2022-04-15 14:00:00,4,
Ямал,1472,Карское - 1 (сбор каравана),Карское - 3 (центр),19.0,2022-04-15 14:00:00,0,2022-04-16 00:00:00,10,
ФЕСКО ПАРИС,194,Карское - 3 (центр),пролив Вилькицкого - запад,12.6,2022-04-16 06:00:00,-6,2022-04-16 21:00:00,10,Ямал
Ямал,194,Карское - 3 (центр),пролив Вилькицкого - запад,12.6,2022-04-16 06:00:00,-6,2022-04-16 21:00:00,10,
МИХАИЛ БРИТНЕВ,195,кромка льда на Западе,Карские ворота,18,2022-04-16 12:00:00,0,2022-04-17 03:00:00,15,
ПРОГРЕСС,196,около Новой Земли,Мыс Желания,18,2022-04-16 16:00:00,0,2022-04-17 00:00:00,8,
Вайгач,1477,Карское - 1 (сбор каравана),Карские ворота,18.5,2022-04-15 16:00:00,0,2022-04-16 14:00:00,22,
САБЕТТА,197,Карские ворота,Победа месторождение,12.8,2022-04-16 16:00:00,-2,2022-04-17 13:00:00,22,Вайгач
Вайгач,197,Карские ворота,Победа месторождение,12.8,2022-04-16 16:00:00,-2,2022-04-17 13:00:00,22,
50 лет Победы,1480,устье Лены,Лаптевых - 1 (центр),19.0,2022-04-14 15:00:00,0,2022-04-15 03:00:00,12,
50 лет Победы,1481,Лаптевых - 1 (центр),пролив Вилькицкого - 3,22,2022-04-15 03:00:00,0,2022-04-15 08:00:00,5,
50 лет Победы,1482,пролив Вилькицкого - 3,пролив Вилькицкого - восток,16.0,2022-04-15 08:00:00,0,2022-04-15 10:00:00,2,
50 лет Победы,1483,пролив Вилькицкого - восток,пролив Вилькицкого - запад,10.5,2022-04-15 10:00:00,0,2022-04-15 15:00:00,5,
ФЕСКО ПАРИС,198,пролив Вилькицкого - запад,пролив Вилькицкого - восток,12.6,2022-04-16 21:00:00,-30,2022-04-17 01:00:00,5,50 лет Победы
50 лет Победы,198,пролив Вилькицкого - запад,пролив Вилькицкого - восток,12.6,2022-04-16 21:00:00,-30,2022-04-17 01:00:00,5,
Таймыр,1486,Карское - 3 (центр),Мыс Желания,17.1,2022-04-16 06:00:00,0,2022-04-16 21:00:00,15,
ПРОГРЕСС,199,Мыс Желания,Вход в Обскую губу,14.4,2022-04-17 00:00:00,-3,2022-04-17 18:00:00,15,Таймыр
Таймыр,199,Мыс Желания,Вход в Обскую губу,14.4,2022-04-17 00:00:00,-3,2022-04-17 18:00:00,15,
ФЕСКО ПАРИС,200,пролив Вилькицкого - восток,пролив Вилькицкого - 3,14.4,2022-04-17 01:00:00,0,2022-04-17 04:00:00,15,50 лет Победы
50 лет Победы,200,пролив Вилькицкого - восток,пролив Вилькицкого - 3,14.4,2022-04-17 01:00:00,0,2022-04-17 04:00:00,15,
Вайгач,1491,Победа месторождение,Карские ворота,17.1,2022-04-17 13:00:00,0,2022-04-18 05:00:00,16,
МИХАИЛ БРИТНЕВ,201,Карские ворота,Вход в Обскую губу,14.4,2022-04-17 03:00:00,26,2022-04-18 01:00:00,16,Вайгач
Вайгач,201,Карские ворота,Вход в Обскую губу,14.4,2022-04-17 03:00:00,26,2022-04-18 01:00:00,16,
ФЕСКО ПАРИС,202,пролив Вилькицкого - 3,Лаптевых - 1 (центр),18,2022-04-17 04:00:00,0,2022-04-17 10:00:00,6,
50 лет Победы,1495,пролив Вилькицкого - 3,Лаптевых - 1 (центр),22,2022-04-17 04:00:00,0,2022-04-17 09:00:00,5,
ФЕСКО ПАРИС,203,Лаптевых - 1 (центр),остров Котельный,14.4,2022-04-17 10:00:00,-1,2022-04-18 09:00:00,5,50 лет Победы
50 лет Победы,203,Лаптевых - 1 (центр),остров Котельный,14.4,2022-04-17 10:00:00,-1,2022-04-18 09:00:00,5,
ПРОГРЕСС,204,Вход в Обскую губу,терминал Утренний,12.6,2022-04-17 18:00:00,0,2022-04-18 04:00:00,5,Таймыр
Таймыр,204,Вход в Обскую губу,терминал Утренний,12.6,2022-04-17 18:00:00,0,2022-04-18 04:00:00,5,
Ямал,1500,пролив Вилькицкого - запад,Карское - 3 (центр),13.5,2022-04-16 21:00:00,0,2022-04-17 11:00:00,14,
Ямал,1501,Карское - 3 (центр),Карское - 1 (сбор каравана),19.0,2022-04-17 11:00:00,0,2022-04-17 21:00:00,10,
Ямал,1502,Карское - 1 (сбор каравана),Вход в Обскую губу,18.0,2022-04-17 21:00:00,0,2022-04-18 01:00:00,4,
МИХАИЛ БРИТНЕВ,205,Вход в Обскую губу,Новый порт,12.6,2022-04-18 01:00:00,0,2022-04-18 22:00:00,4,Ямал
Ямал,205,Вход в Обскую губу,Новый порт,12.6,2022-04-18 01:00:00,0,2022-04-18 22:00:00,4,
ФЕСКО ПАРИС,206,остров Котельный,Лаптевых - 3 (восток),14.4,2022-04-18 09:00:00,0,2022-04-18 21:00:00,4,50 лет Победы
50 лет Победы,206,остров Котельный,Лаптевых - 3 (восток),14.4,2022-04-18 09:00:00,0,2022-04-18 21:00:00,4,
ФЕСКО ПАРИС,207,Лаптевых - 3 (восток),Восточно-Сибирское - 3 (север),14.4,2022-04-18 21:00:00,0,2022-04-19 18:00:00,4,50 лет Победы
50 лет Победы,207,Лаптевых - 3 (восток),Восточно-Сибирское - 3 (север),14.4,2022-04-18 21:00:00,0,2022-04-19 18:00:00,4,
ФЕСКО ПАРИС,208,Восточно-Сибирское - 3 (север),пролив Лонга,12.6,2022-04-19 18:00:00,0,2022-04-20 15:00:00,4,50 лет Победы
50 лет Победы,208,Восточно-Сибирское - 3 (север),пролив Лонга,12.6,2022-04-19 18:00:00,0,2022-04-20 15:00:00,4,
Вайгач,1511,Вход в Обскую губу,Сабетта,9.0,2022-04-18 01:00:00,0,2022-04-18 13:00:00,12,
СЕВЕРНЫЙ ПРОЕКТ,209,Сабетта,Вход в Обскую губу,11.2,2022-04-20 00:00:00,-35,2022-04-20 09:00:00,12,Вайгач
Вайгач,209,Сабетта,Вход в Обскую губу,11.2,2022-04-20 00:00:00,-35,2022-04-20 09:00:00,12,
Таймыр,1514,терминал Утренний,Вход в Обскую губу,9.375,2022-04-18 04:00:00,0,2022-04-18 17:00:00,13,
СЕВЕРНЫЙ ПРОЕКТ,210,Вход в Обскую губу,Карские ворота,12.8,2022-04-20 09:00:00,-40,2022-04-21 10:00:00,13,Таймыр
Таймыр,210,Вход в Обскую губу,Карские ворота,12.8,2022-04-20 09:00:00,-40,2022-04-21 10:00:00,13,
СЕВЕРНЫЙ ПРОЕКТ,211,Карские ворота,кромка льда на Западе,16,2022-04-21 10:00:00,0,2022-04-22 02:00:00,16,
БЕРИНГ,212,Окно в Европу,кромка льда на Западе,16,2022-04-22 00:00:00,0,2022-04-23 04:00:00,28,
СЕВЕРНЫЙ ПРОЕКТ,213,кромка льда на Западе,Окно в Европу,16,2022-04-22 02:00:00,0,2022-04-23 06:00:00,28,
ТОЛБУХИН,214,Рейд Мурманска,кромка льда на Западе,16,2022-04-23 00:00:00,0,2022-04-23 14:00:00,14,
БЕРИНГ,215,кромка льда на Западе,Карские ворота,16,2022-04-23 04:00:00,0,2022-04-23 20:00:00,16,
ТОЛБУХИН,216,кромка льда на Западе,Карские ворота,16,2022-04-23 14:00:00,0,2022-04-24 06:00:00,16,
Ямал,1523,Новый порт,Вход в Обскую губу,12.5,2022-04-18 22:00:00,0,2022-04-19 20:00:00,22,
Ямал,1524,Вход в Обскую губу,Карские ворота,18.0,2022-04-19 20:00:00,0,2022-04-20 14:00:00,18,
БЕРИНГ,217,Карские ворота,Вход в Обскую губу,12.8,2022-04-23 20:00:00,-78,2022-04-24 21:00:00,18,Ямал
Ямал,217,Карские ворота,Вход в Обскую губу,12.8,2022-04-23 20:00:00,-78,2022-04-24 21:00:00,18,
ТОЛБУХИН,218,Карские ворота,Карское - 1 (сбор каравана),16,2022-04-24 06:00:00,0,2022-04-25 07:00:00,25,
БЕРИНГ,219,Вход в Обскую губу,терминал Утренний,11.2,2022-04-24 21:00:00,-108,2022-04-25 08:00:00,18,Вайгач
Вайгач,219,Вход в Обскую губу,терминал Утренний,11.2,2022-04-24 21:00:00,-108,2022-04-25 08:00:00,18,
ЯМАЛ КРЕЧЕТ,220,Штокман,около Новой Земли,16,2022-04-25 00:00:00,0,2022-04-25 18:00:00,18,
Таймыр,1531,Карские ворота,Вход в Обскую губу,16.2,2022-04-21 10:00:00,0,2022-04-22 06:00:00,20,
Таймыр,1532,Вход в Обскую губу,Новый порт,9.375,2022-04-22 06:00:00,0,2022-04-23 11:00:00,29,
ТИКСИ,221,Новый порт,Вход в Обскую губу,11.2,2022-04-25 00:00:00,-37,2022-04-26 00:00:00,29,Таймыр
Таймыр,221,Новый порт,Вход в Обскую губу,11.2,2022-04-25 00:00:00,-37,2022-04-26 00:00:00,29,
50 лет Победы,1535,пролив Лонга,Восточно-Сибирское - 3 (север),12.5,2022-04-20 15:00:00,0,2022-04-21 13:00:00,22,
50 лет Победы,1536,Восточно-Сибирское - 3 (север),Лаптевых - 3 (восток),16.0,2022-04-21 13:00:00,0,2022-04-22 08:00:00,19,
50 лет Победы,1537,Лаптевых - 3 (восток),остров Котельный,18.0,2022-04-22 08:00:00,0,2022-04-22 17:00:00,9,
50 лет Победы,1538,остров Котельный,Лаптевых - 1 (центр),19.0,2022-04-22 17:00:00,0,2022-04-23 10:00:00,17,
50 лет Победы,1539,Лаптевых - 1 (центр),пролив Вилькицкого - 3,22,2022-04-23 10:00:00,0,2022-04-23 15:00:00,5,
50 лет Победы,1540,пролив Вилькицкого - 3,пролив Вилькицкого - восток,16.0,2022-04-23 15:00:00,0,2022-04-23 17:00:00,2,
50 лет Победы,1541,пролив Вилькицкого - восток,пролив Вилькицкого - запад,10.5,2022-04-23 17:00:00,0,2022-04-23 22:00:00,5,
50 лет Победы,1542,пролив Вилькицкого - запад,Карское - 3 (центр),13.5,2022-04-23 22:00:00,0,2022-04-24 12:00:00,14,
50 лет Победы,1543,Карское - 3 (центр),Карское - 1 (сбор каравана),19.0,2022-04-24 12:00:00,0,2022-04-24 22:00:00,10,
ТОЛБУХИН,222,Карское - 1 (сбор каравана),Бухта Север и Диксон,12.8,2022-04-25 07:00:00,-9,2022-04-25 13:00:00,10,50 лет Победы
50 лет Победы,222,Карское - 1 (сбор каравана),Бухта Север и Диксон,12.8,2022-04-25 07:00:00,-9,2022-04-25 13:00:00,10,
Ямал,1546,Вход в Обскую губу,Карское - 1 (сбор каравана),18.0,2022-04-24 21:00:00,0,2022-04-25 01:00:00,4,
Ямал,1547,Карское - 1 (сбор каравана),Бухта Север и Диксон,16.0,2022-04-25 01:00:00,0,2022-04-25 05:00:00,4,
ТОЛБУХИН,223,Бухта Север и Диксон,Дудинка,12.8,2022-04-25 13:00:00,-8,2022-04-26 08:00:00,4,Ямал
Ямал,223,Бухта Север и Диксон,Дудинка,12.8,2022-04-25 13:00:00,-8,2022-04-26 08:00:00,4,
ЯМАЛ КРЕЧЕТ,224,около Новой Земли,Мыс Желания,16,2022-04-25 18:00:00,0,2022-04-26 03:00:00,9,
50 лет Победы,1551,Бухта Север и Диксон,Карское - 1 (сбор каравана),16.0,2022-04-25 13:00:00,0,2022-04-25 17:00:00,4,
50 лет Победы,1552,Карское - 1 (сбор каравана),Вход в Обскую губу,18.0,2022-04-25 17:00:00,0,2022-04-25 21:00:00,4,
ТИКСИ,225,Вход в Обскую губу,Карские ворота,12.8,2022-04-26 00:00:00,-3,2022-04-27 01:00:00,4,50 лет Победы
50 лет Победы,225,Вход в Обскую губу,Карские ворота,12.8,2022-04-26 00:00:00,-3,2022-04-27 01:00:00,4,
Вайгач,1555,терминал Утренний,Вход в Обскую губу,9.375,2022-04-25 08:00:00,0,2022-04-25 21:00:00,13,
Вайгач,1556,Вход в Обскую губу,Мыс Желания,16.2,2022-04-25 21:00:00,0,2022-04-26 13:00:00,16,
ЯМАЛ КРЕЧЕТ,226,Мыс Желания,Вход в Обскую губу,12.8,2022-04-26 03:00:00,10,2022-04-26 23:00:00,16,Вайгач
Вайгач,226,Мыс Желания,Вход в Обскую губу,12.8,2022-04-26 03:00:00,10,2022-04-26 23:00:00,16,
ЯМАЛ КРЕЧЕТ,227,Вход в Обскую губу,Новый порт,11.2,2022-04-26 23:00:00,-23,2022-04-27 23:00:00,16,Таймыр
Таймыр,227,Вход в Обскую губу,Новый порт,11.2,2022-04-26 23:00:00,-23,2022-04-27 23:00:00,16,
CLEAN VISION,228,Штокман,около Новой Земли,14,2022-04-27 00:00:00,0,2022-04-27 21:00:00,21,
ТИКСИ,229,Карские ворота,кромка льда на Западе,16,2022-04-27 01:00:00,0,2022-04-27 17:00:00,16,
ТИКСИ,230,кромка льда на Западе,Окно в Европу,16,2022-04-27 17:00:00,0,2022-04-28 21:00:00,28,
CLEAN VISION,231,около Новой Земли,Мыс Желания,14,2022-04-27 21:00:00,0,2022-04-28 07:00:00,10,
Ямал,1565,Дудинка,Бухта Север и Диксон,16.0,2022-04-26 08:00:00,0,2022-04-26 23:00:00,15,
Ямал,1566,Бухта Север и Диксон,Карское - 1 (сбор каравана),16.0,2022-04-26 23:00:00,0,2022-04-27 03:00:00,4,
Ямал,1567,Карское - 1 (сбор каравана),Мыс Желания,21,2022-04-27 03:00:00,0,2022-04-27 14:00:00,11,
CLEAN VISION,232,Мыс Желания,пролив Вилькицкого - запад,11.200000000000001,2022-04-28 07:00:00,-17,2022-04-29 19:00:00,11,Ямал
Ямал,232,Мыс Желания,пролив Вилькицкого - запад,11.200000000000001,2022-04-28 07:00:00,-17,2022-04-29 19:00:00,11,
Вайгач,1570,Вход в Обскую губу,Карское - 1 (сбор каравана),16.2,2022-04-26 23:00:00,0,2022-04-27 04:00:00,5,
Вайгач,1571,Карское - 1 (сбор каравана),Карское - 3 (центр),17.1,2022-04-27 04:00:00,0,2022-04-27 16:00:00,12,
Вайгач,1572,Карское - 3 (центр),пролив Вилькицкого - запад,10.125,2022-04-27 16:00:00,0,2022-04-28 11:00:00,19,
CLEAN VISION,233,пролив Вилькицкого - запад,пролив Вилькицкого - восток,9.799999999999999,2022-04-29 19:00:00,-32,2022-04-30 01:00:00,19,Вайгач
Вайгач,233,пролив Вилькицкого - запад,пролив Вилькицкого - восток,9.799999999999999,2022-04-29 19:00:00,-32,2022-04-30 01:00:00,19,
ТАЙБОЛА,234,Рейд Мурманска,кромка льда на Западе,16,2022-04-30 00:00:00,0,2022-04-30 14:00:00,14,
50 лет Победы,1576,Карские ворота,Карское - 1 (сбор каравана),22,2022-04-27 01:00:00,0,2022-04-27 19:00:00,18,
50 лет Победы,1577,Карское - 1 (сбор каравана),Карское - 3 (центр),19.0,2022-04-27 19:00:00,0,2022-04-28 05:00:00,10,
50 лет Победы,1578,Карское - 3 (центр),пролив Вилькицкого - запад,13.5,2022-04-28 05:00:00,0,2022-04-28 19:00:00,14,
50 лет Победы,1579,пролив Вилькицкого - запад,пролив Вилькицкого - восток,10.5,2022-04-28 19:00:00,0,2022-04-29 00:00:00,5,
CLEAN VISION,235,пролив Вилькицкого - восток,пролив Вилькицкого - 3,11.200000000000001,2022-04-30 01:00:00,-25,2022-04-30 05:00:00,5,50 лет Победы
50 лет Победы,235,пролив Вилькицкого - восток,пролив Вилькицкого - 3,11.200000000000001,2022-04-30 01:00:00,-25,2022-04-30 05:00:00,5,
CLEAN VISION,236,пролив Вилькицкого - 3,Лаптевых - 1 (центр),14,2022-04-30 05:00:00,0,2022-04-30 13:00:00,8,
Ямал,1583,пролив Вилькицкого - запад,пролив Вилькицкого - восток,10.5,2022-04-29 19:00:00,0,2022-04-30 00:00:00,5,
Ямал,1584,пролив Вилькицкого - восток,пролив Вилькицкого - 3,16.0,2022-04-30 00:00:00,0,2022-04-30 02:00:00,2,
Ямал,1585,пролив Вилькицкого - 3,Лаптевых - 1 (центр),21,2022-04-30 02:00:00,0,2022-04-30 07:00:00,5,
CLEAN VISION,237,Лаптевых - 1 (центр),устье Лены,11.200000000000001,2022-04-30 13:00:00,-6,2022-05-01 10:00:00,5,Ямал
Ямал,237,Лаптевых - 1 (центр),устье Лены,11.200000000000001,2022-04-30 13:00:00,-6,2022-05-01 10:00:00,5,
ТАЙБОЛА,238,кромка льда на Западе,Карские ворота,16,2022-04-30 14:00:00,0,2022-05-01 06:00:00,16,
Таймыр,1589,Новый порт,Вход в Обскую губу,9.375,2022-04-27 23:00:00,0,2022-04-29 04:00:00,29,
Таймыр,1590,Вход в Обскую губу,Карские ворота,16.2,2022-04-29 04:00:00,0,2022-04-30 00:00:00,20,
ТАЙБОЛА,239,Карские ворота,Вход в Обскую губу,12.8,2022-05-01 06:00:00,-30,2022-05-02 07:00:00,20,Таймыр
Таймыр,239,Карские ворота,Вход в Обскую губу,12.8,2022-05-01 06:00:00,-30,2022-05-02 07:00:00,20,
50 лет Победы,1593,пролив Вилькицкого - 3,пролив Вилькицкого - восток,16.0,2022-04-30 05:00:00,0,2022-04-30 07:00:00,2,
50 лет Победы,1594,пролив Вилькицкого - восток,пролив Вилькицкого - запад,10.5,2022-04-30 07:00:00,0,2022-04-30 12:00:00,5,
50 лет Победы,1595,пролив Вилькицкого - запад,Карское - 3 (центр),13.5,2022-04-30 12:00:00,0,2022-05-01 02:00:00,14,
50 лет Победы,1596,Карское - 3 (центр),Карское - 1 (сбор каравана),19.0,2022-05-01 02:00:00,0,2022-05-01 12:00:00,10,
50 лет Победы,1597,Карское - 1 (сбор каравана),Вход в Обскую губу,18.0,2022-05-01 12:00:00,0,2022-05-01 16:00:00,4,
ТАЙБОЛА,240,Вход в Обскую губу,Новый порт,11.2,2022-05-02 07:00:00,-15,2022-05-03 07:00:00,4,50 лет Победы
50 лет Победы,240,Вход в Обскую губу,Новый порт,11.2,2022-05-02 07:00:00,-15,2022-05-03 07:00:00,4,
